0,0,0,0,0,0,18.0447,0.0001
0.0103,0.0116,1.125,0.0002,0,-0.0001,18.035,0.0003
0.0206,0.0232,1.125,0.0004,0,-0.0002,18.0347,0.0009
0.0301,0.0381,1.5693,0.0008,0,-0.0004,18.0295,0.0019
0.0406,0.0531,1.4221,0.0013,0,-0.0007,18.0241,0.0033
0.05,0.068,1.5913,0.002,0,-0.001,18.0185,0.0053
0.0602,0.0827,1.4446,0.0028,0,-0.0014,18.0032,0.0077
0.07,0.0976,1.5252,0.0038,0,-0.0019,17.9925,0.0106
0.0803,0.1127,1.4665,0.0049,0,-0.0025,17.9769,0.014
0.0903,0.1279,1.5214,0.0062,0,-0.0031,17.9658,0.0179
0.1001,0.1428,1.5153,0.0076,0,-0.0038,17.9499,0.0223
0.1102,0.1577,1.475,0.0092,0,-0.0046,17.9244,0.0271
0.1201,0.1728,1.5143,0.0109,0,-0.0055,17.9082,0.0325
0.1301,0.1877,1.4956,0.0128,0,-0.0064,17.8825,0.0383
0.1402,0.2028,1.4966,0.0148,0,-0.0074,17.8567,0.0447
0.1501,0.2177,1.5107,0.017,0,-0.0085,17.8354,0.0515
0.16,0.2326,1.4961,0.0193,0,-0.0097,17.8048,0.0588
0.17,0.2476,1.4968,0.0218,0,-0.0109,17.7695,0.0666
0.1801,0.2626,1.4974,0.0244,0,-0.0122,17.7433,0.075
0.19,0.2776,1.5084,0.0272,0,-0.0136,17.7034,0.0838
0.2001,0.2926,1.4872,0.0301,0,-0.0151,17.6726,0.0932
0.2101,0.3076,1.508,0.0332,0,-0.0166,17.6326,0.1031
0.2201,0.3226,1.4978,0.0364,0,-0.0182,17.5928,0.1135
0.23,0.3376,1.5069,0.0398,0,-0.0199,17.5529,0.1243
0.2401,0.3526,1.4894,0.0433,0.0001,-0.0217,17.5086,0.1358
0.2501,0.3676,1.5066,0.047,0.0001,-0.0235,17.4645,0.1477
0.2601,0.3826,1.4982,0.0508,0.0001,-0.0255,17.4203,0.1602
0.2701,0.3976,1.4984,0.0548,0.0001,-0.0275,17.3719,0.1732
0.28,0.4126,1.5057,0.0589,0.0001,-0.0295,17.3194,0.1868
0.29,0.4275,1.4983,0.0632,0.0001,-0.0317,17.2713,0.2008
0.3,0.4425,1.4985,0.0676,0.0001,-0.0339,17.2191,0.2155
0.31,0.4575,1.4986,0.0722,0.0001,-0.0362,17.1629,0.2307
0.32,0.4725,1.4988,0.0769,0.0002,-0.0386,17.1069,0.2464
0.3301,0.4876,1.4989,0.0818,0.0002,-0.041,17.047,0.2628
0.3401,0.5026,1.5049,0.0868,0.0002,-0.0435,16.9875,0.2797
0.35,0.5176,1.4988,0.092,0.0002,-0.0461,16.9282,0.2971
0.3601,0.5326,1.4989,0.0973,0.0003,-0.0488,16.8652,0.3152
0.3701,0.5476,1.499,0.1028,0.0003,-0.0516,16.8025,0.3338
0.38,0.5626,1.5044,0.1084,0.0003,-0.0544,16.7363,0.353
0.39,0.5775,1.4989,0.1142,0.0004,-0.0573,16.6667,0.3728
0.4001,0.5925,1.4941,0.1201,0.0004,-0.0603,16.6012,0.3932
0.4101,0.6076,1.5042,0.1262,0.0005,-0.0634,16.5249,0.4143
0.42,0.6225,1.504,0.1324,0.0005,-0.0665,16.4566,0.4359
0.43,0.6375,1.4945,0.1388,0.0006,-0.0697,16.385,0.4582
0.4401,0.6526,1.4994,0.1453,0.0006,-0.073,16.3067,0.4811
0.45,0.6676,1.5038,0.152,0.0007,-0.0764,16.2326,0.5047
0.46,0.6825,1.4993,0.1588,0.0007,-0.0798,16.1556,0.5288
0.47,0.6975,1.4994,0.1658,0.0008,-0.0833,16.0791,0.5537
0.48,0.7125,1.4994,0.1729,0.0009,-0.0869,15.9929,0.5792
0.49,0.7275,1.4995,0.1802,0.001,-0.0906,15.9143,0.6054
0.5,0.7425,1.4995,0.1876,0.001,-0.0944,15.8296,0.6323
0.51,0.7575,1.5035,0.1952,0.0011,-0.0982,15.7458,0.6599
0.52,0.7725,1.4957,0.2029,0.0012,-0.1021,15.6595,0.6882
0.53,0.7875,1.5034,0.2108,0.0013,-0.1061,15.574,0.7172
0.54,0.8025,1.496,0.2188,0.0014,-0.1102,15.4861,0.747
0.55,0.8176,1.5034,0.227,0.0015,-0.1143,15.396,0.7775
0.56,0.8325,1.4997,0.2353,0.0016,-0.1185,15.3069,0.8087
0.57,0.8475,1.4997,0.2438,0.0018,-0.1228,15.2127,0.8406
0.58,0.8625,1.4998,0.2524,0.0019,-0.1272,15.1195,0.8734
0.59,0.8775,1.4998,0.2612,0.002,-0.1317,15.0244,0.9069
0.6,0.8925,1.4999,0.2701,0.0022,-0.1362,14.9248,0.9413
0.61,0.9075,1.4999,0.2792,0.0023,-0.1408,14.8319,0.9764
0.62,0.9225,1.5031,0.2884,0.0025,-0.1455,14.7318,1.0123
0.63,0.9375,1.4967,0.2977,0.0027,-0.1503,14.6329,1.0491
0.64,0.9525,1.5,0.3073,0.0029,-0.1551,14.5326,1.0868
0.65,0.9675,1.5,0.317,0.003,-0.1601,14.4335,1.1253
0.66,0.9825,1.5001,0.3268,0.0032,-0.1651,14.328,1.1647
0.67,0.9975,1.5001,0.3368,0.0035,-0.1702,14.2239,1.2051
0.68,1.0125,1.5001,0.3469,0.0037,-0.1754,14.1187,1.2463
0.69,1.0275,1.5002,0.3572,0.0039,-0.1806,14.0149,1.2884
0.7,1.0425,1.5002,0.3676,0.0042,-0.186,13.9078,1.3315
0.71,1.0575,1.5002,0.3781,0.0044,-0.1914,13.7999,1.3756
0.72,1.0725,1.5002,0.3889,0.0047,-0.1969,13.6913,1.4206
0.73,1.0875,1.5003,0.3997,0.0049,-0.2025,13.582,1.4666
0.74,1.1025,1.4977,0.4108,0.0052,-0.2082,13.472,1.5137
0.75,1.1175,1.503,0.4219,0.0055,-0.2139,13.3596,1.5618
0.76,1.1325,1.4978,0.4332,0.0059,-0.2197,13.2488,1.6109
0.77,1.1475,1.5004,0.4447,0.0062,-0.2257,13.1356,1.6612
0.78,1.1625,1.5005,0.4563,0.0065,-0.2317,13.0222,1.7126
0.79,1.1775,1.5005,0.4681,0.0069,-0.2377,12.9067,1.7651
0.8,1.1925,1.4981,0.48,0.0073,-0.2439,12.7911,1.8187
0.81,1.2075,1.5006,0.4921,0.0077,-0.2502,12.6738,1.8736
0.82,1.2225,1.5006,0.5043,0.0081,-0.2565,12.5584,1.9297
0.83,1.2375,1.5006,0.5167,0.0085,-0.2629,12.4397,1.9869
0.84,1.2525,1.4984,0.5292,0.009,-0.2695,12.3212,2.0455
0.85,1.2675,1.5007,0.5419,0.0094,-0.2761,12.2015,2.1053
0.86,1.2825,1.5008,0.5547,0.0099,-0.2827,12.0806,2.1664
0.87,1.2975,1.4986,0.5676,0.0104,-0.2895,11.9603,2.2289
0.88,1.3125,1.5009,0.5808,0.0109,-0.2964,11.8406,2.2928
0.89,1.3275,1.5009,0.594,0.0115,-0.3033,11.7171,2.358
0.9,1.3425,1.4988,0.6074,0.0121,-0.3104,11.5958,2.4247
0.91,1.3575,1.4989,0.621,0.0127,-0.3175,11.4711,2.493
0.92,1.3725,1.501,0.6347,0.0133,-0.3247,11.3461,2.5627
0.93,1.3875,1.5011,0.6486,0.0139,-0.332,11.2235,2.634
0.94,1.4025,1.4991,0.6626,0.0146,-0.3394,11.098,2.7068
0.95,1.4175,1.4992,0.6767,0.0153,-0.3469,10.9725,2.7813
0.96,1.4325,1.5012,0.691,0.016,-0.3545,10.8459,2.8575
0.97,1.4475,1.4993,0.7055,0.0167,-0.3622,10.7194,2.9354
0.98,1.4625,1.4994,0.7201,0.0175,-0.37,10.5932,3.0151
0.99,1.4775,1.5014,0.7349,0.0183,-0.3778,10.4663,3.0965
1,1.4925,1.4995,0.7498,0.0191,-0.3858,10.3378,3.1798
1.01,1.5075,1.4996,0.7648,0.02,-0.3938,10.2099,3.265
1.02,1.5225,1.5015,0.78,0.0209,-0.402,10.0817,3.3521
1.03,1.5375,1.4979,0.7954,0.0218,-0.4102,9.9534,3.4413
1.04,1.5525,1.5016,0.8108,0.0227,-0.4186,9.8241,3.5326
1.05,1.5675,1.4981,0.8265,0.0237,-0.427,9.694,3.626
1.06,1.5825,1.5018,0.8423,0.0247,-0.4356,9.5635,3.7216
1.07,1.5975,1.4983,0.8582,0.0258,-0.4442,9.4333,3.8194
1.08,1.6125,1.5019,0.8743,0.0269,-0.453,9.303,3.9196
1.09,1.6275,1.4985,0.8905,0.0281,-0.4618,9.1733,4.0221
1.1,1.6425,1.5003,0.9069,0.0292,-0.4708,9.0413,4.1272
1.11,1.6575,1.5004,0.9235,0.0305,-0.4799,8.9111,4.2348
1.12,1.6725,1.4988,0.9401,0.0317,-0.489,8.7791,4.345
1.13,1.6875,1.5022,0.9569,0.033,-0.4983,8.6485,4.4579
1.14,1.7025,1.4974,0.9739,0.0344,-0.5077,8.5158,4.5736
1.15,1.7175,1.5023,0.991,0.0358,-0.5172,8.3847,4.6921
1.16,1.7325,1.4977,1.0083,0.0373,-0.5268,8.2533,4.8137
1.17,1.7475,1.5025,1.0257,0.0388,-0.5365,8.1214,4.9383
1.18,1.7625,1.4979,1.0433,0.0403,-0.5463,7.9895,5.066
1.19,1.7775,1.5011,1.061,0.0419,-0.5563,7.8576,5.1972
1.2,1.7925,1.4997,1.0788,0.0436,-0.5663,7.7262,5.3316
1.21,1.8075,1.4998,1.0968,0.0453,-0.5765,7.5944,5.4696
1.22,1.8225,1.4999,1.115,0.0471,-0.5868,7.4627,5.6113
1.23,1.8375,1.5,1.1332,0.0489,-0.5972,7.3307,5.7567
1.24,1.8525,1.5002,1.1517,0.0508,-0.6078,7.1991,5.9061
1.25,1.8675,1.4989,1.1702,0.0528,-0.6185,7.0676,6.0596
1.26,1.8825,1.5018,1.1889,0.0549,-0.6292,6.9363,6.2172
1.27,1.8975,1.4991,1.2078,0.057,-0.6402,6.8055,6.3791
1.28,1.9125,1.4993,1.2268,0.0591,-0.6512,6.6745,6.5458
1.29,1.9275,1.5008,1.2459,0.0614,-0.6624,6.5439,6.7171
1.3,1.9425,1.4996,1.2652,0.0637,-0.6737,6.4136,6.8933
1.31,1.9575,1.4998,1.2847,0.0661,-0.6852,6.2835,7.0747
1.32,1.9725,1.4999,1.3042,0.0686,-0.6968,6.1536,7.2615
1.33,1.9875,1.5013,1.3239,0.0712,-0.7085,6.0246,7.4537
1.34,2.0025,1.4989,1.3438,0.0739,-0.7204,5.8956,7.6516
1.35,2.0175,1.4991,1.3638,0.0766,-0.7324,5.7669,7.8558
1.36,2.0325,1.5018,1.3839,0.0795,-0.7446,5.6387,8.0663
1.37,2.0475,1.4983,1.4042,0.0824,-0.7569,5.5109,8.2833
1.38,2.0625,1.5009,1.4245,0.0855,-0.7694,5.384,8.5073
1.39,2.0775,1.4999,1.4451,0.0886,-0.782,5.2574,8.7384
1.4,2.0925,1.5001,1.4657,0.0919,-0.7948,5.1314,8.9771
1.41,2.1075,1.4991,1.4866,0.0953,-0.8078,5.0057,9.2238
1.42,2.1098,0.232,1.5074,0.0988,-0.8209,4.8817,9.4781
1.43,2.0949,-1.4906,1.528,0.1023,-0.8339,4.7603,9.7383
1.44,2.0799,-1.5003,1.5485,0.1059,-0.8469,4.6412,10.0035
1.45,2.0649,-1.4991,1.5688,0.1096,-0.86,4.5243,10.2741
1.46,2.0499,-1.5003,1.589,0.1134,-0.873,4.4095,10.5501
1.47,2.0349,-1.5003,1.609,0.1172,-0.8859,4.2972,10.8316
1.48,2.0199,-1.4992,1.6288,0.1211,-0.8989,4.1873,11.1188
1.49,2.0049,-1.5004,1.6484,0.125,-0.9119,4.0794,11.412
1.5,1.9899,-1.5004,1.6679,0.1291,-0.9248,3.9739,11.711
1.51,1.9749,-1.5004,1.6872,0.1332,-0.9377,3.8705,12.0161
1.52,1.9599,-1.4993,1.7064,0.1374,-0.9507,3.7692,12.3275
1.53,1.9449,-1.4993,1.7254,0.1416,-0.9636,3.67,12.6458
1.54,1.9299,-1.5005,1.7442,0.146,-0.9765,3.573,12.9708
1.55,1.9149,-1.5005,1.7628,0.1504,-0.9894,3.4782,13.3025
1.56,1.8999,-1.4994,1.7813,0.1549,-1.0022,3.3853,13.6413
1.57,1.8849,-1.5005,1.7996,0.1594,-1.0151,3.2945,13.9874
1.58,1.8699,-1.4994,1.8177,0.164,-1.028,3.2057,14.341
1.59,1.8549,-1.5006,1.8356,0.1688,-1.0408,3.1189,14.7024
1.6,1.8399,-1.4994,1.8534,0.1735,-1.0536,3.0341,15.0717
1.61,1.8249,-1.5006,1.871,0.1784,-1.0665,2.9512,15.4491
1.62,1.8099,-1.4995,1.8884,0.1833,-1.0793,2.8702,15.835
1.63,1.7949,-1.5006,1.9056,0.1884,-1.0921,2.7913,16.2294
1.64,1.7799,-1.4995,1.9227,0.1934,-1.1049,2.7141,16.6328
1.65,1.7649,-1.4995,1.9396,0.1986,-1.1177,2.6388,17.0455
1.66,1.7499,-1.5007,1.9562,0.2039,-1.1305,2.5653,17.4676
1.67,1.7349,-1.5007,1.9727,0.2092,-1.1432,2.4938,17.8991
1.68,1.7199,-1.4983,1.9891,0.2146,-1.156,2.4239,18.3407
1.69,1.7049,-1.5018,2.0052,0.2201,-1.1687,2.3559,18.7926
1.7,1.6899,-1.4983,2.0212,0.2257,-1.1815,2.2895,19.2549
1.71,1.6749,-1.5007,2.0369,0.2313,-1.1942,2.225,19.7284
1.72,1.6599,-1.5007,2.0525,0.2371,-1.207,2.1622,20.2125
1.73,1.6449,-1.4995,2.0679,0.2429,-1.2197,2.101,20.708
1.74,1.6299,-1.4995,2.0831,0.2488,-1.2324,2.0415,21.2157
1.75,1.6149,-1.5006,2.0981,0.2548,-1.2451,1.9837,21.7353
1.76,1.5999,-1.4994,2.1129,0.2608,-1.2578,1.9275,22.2673
1.77,1.5849,-1.5006,2.1275,0.267,-1.2705,1.873,22.812
1.78,1.5699,-1.4994,2.1419,0.2732,-1.2832,1.82,23.3698
1.79,1.5549,-1.5005,2.1561,0.2795,-1.2958,1.7686,23.9409
1.8,1.5399,-1.4993,2.1701,0.2859,-1.3085,1.7187,24.5258
1.81,1.5249,-1.5004,2.1839,0.2924,-1.3211,1.6703,25.1248
1.82,1.5099,-1.5004,2.1975,0.2989,-1.3337,1.6235,25.7378
1.83,1.4949,-1.4992,2.2109,0.3056,-1.3464,1.5782,26.3656
1.84,1.4799,-1.5003,2.2241,0.3123,-1.359,1.5343,27.0086
1.85,1.4649,-1.5002,2.2371,0.3191,-1.3715,1.4919,27.6666
1.86,1.4499,-1.499,2.2499,0.326,-1.3841,1.4509,28.3406
1.87,1.4349,-1.5013,2.2624,0.3329,-1.3967,1.4113,29.0303
1.88,1.4199,-1.4988,2.2747,0.34,-1.4092,1.3731,29.7361
1.89,1.4049,-1.5011,2.2868,0.3471,-1.4217,1.3363,30.4582
1.9,1.3899,-1.4986,2.2987,0.3543,-1.4342,1.3007,31.1971
1.91,1.3749,-1.5009,2.3104,0.3616,-1.4467,1.2666,31.9531
1.92,1.3599,-1.4996,2.3218,0.3689,-1.4591,1.2337,32.7257
1.93,1.3449,-1.5006,2.3331,0.3764,-1.4715,1.2021,33.5153
1.94,1.3299,-1.4993,2.344,0.3839,-1.4839,1.1718,34.3222
1.95,1.3149,-1.5003,2.3548,0.3914,-1.4962,1.1427,35.1464
1.96,1.2999,-1.5002,2.3653,0.3991,-1.5085,1.1148,35.9876
1.97,1.2849,-1.4988,2.3756,0.4068,-1.5208,1.0881,36.8465
1.98,1.2699,-1.5006,2.3856,0.4145,-1.533,1.0626,37.7225
1.99,1.2551,-1.479,2.3954,0.4224,-1.5452,1.0382,38.6151
2,1.2408,-1.4307,2.405,0.4303,-1.5573,1.015,39.5249
2.01,1.227,-1.3791,2.4144,0.4382,-1.5695,0.9928,40.4528
2.02,1.2137,-1.3309,2.4235,0.4463,-1.5815,0.9717,41.3979
2.03,1.2009,-1.2795,2.4323,0.4544,-1.5935,0.9516,42.3593
2.04,1.1886,-1.2282,2.441,0.4625,-1.6055,0.9325,43.3386
2.05,1.1769,-1.1801,2.4494,0.4707,-1.6175,0.9144,44.3348
2.06,1.1656,-1.127,2.4576,0.479,-1.6294,0.8972,45.3485
2.07,1.1548,-1.0798,2.4655,0.4874,-1.6413,0.881,46.3796
2.08,1.1445,-1.0271,2.4733,0.4958,-1.6532,0.8657,47.4277
2.09,1.1347,-0.9796,2.4808,0.5043,-1.665,0.8513,48.4926
2.1,1.1254,-0.9272,2.4881,0.5129,-1.6768,0.8377,49.5739
2.11,1.1166,-0.8789,2.4952,0.5215,-1.6886,0.825,50.672
2.12,1.1084,-0.8289,2.502,0.5302,-1.7003,0.8131,51.7847
2.13,1.1006,-0.7777,2.5087,0.539,-1.7121,0.8021,52.9133
2.14,1.0933,-0.7292,2.5151,0.5479,-1.7238,0.7918,54.0571
2.15,1.0865,-0.6787,2.5213,0.5568,-1.7355,0.7823,55.2146
2.16,1.0802,-0.6289,2.5273,0.5658,-1.7471,0.7736,56.386
2.17,1.0744,-0.5791,2.533,0.5749,-1.7588,0.7657,57.5706
2.18,1.0691,-0.5298,2.5386,0.584,-1.7704,0.7585,58.7666
2.19,1.0643,-0.4791,2.5439,0.5932,-1.782,0.7521,59.9739
2.2,1.06,-0.4298,2.549,0.6025,-1.7935,0.7463,61.1928
2.21,1.0562,-0.3803,2.5539,0.6119,-1.8051,0.7413,62.4201
2.22,1.0529,-0.3299,2.5586,0.6213,-1.8166,0.737,63.6559
2.23,1.0501,-0.2807,2.563,0.6308,-1.8281,0.7335,64.899
2.24,1.0478,-0.2305,2.5673,0.6404,-1.8396,0.7306,66.1484
2.25,1.046,-0.1809,2.5713,0.6501,-1.8511,0.7284,67.4039
2.26,1.0447,-0.1313,2.5751,0.6598,-1.8625,0.7269,68.6622
2.27,1.0439,-0.0813,2.5787,0.6696,-1.874,0.7261,69.9231
2.28,1.0436,-0.0317,2.582,0.6795,-1.8854,0.726,71.1854
2.29,1.0438,0.0181,2.5852,0.6894,-1.8968,0.7266,72.4478
2.3,1.0444,0.0679,2.5881,0.6994,-1.9081,0.7279,73.7092
2.31,1.0456,0.1175,2.5908,0.7095,-1.9195,0.7299,74.9682
2.32,1.0473,0.1673,2.5933,0.7197,-1.9308,0.7326,76.2248
2.33,1.0495,0.2173,2.5956,0.7299,-1.9421,0.736,77.4755
2.34,1.0521,0.2666,2.5977,0.7403,-1.9534,0.7401,78.7203
2.35,1.0553,0.3165,2.5995,0.7507,-1.9647,0.7449,79.9592
2.36,1.059,0.3666,2.6011,0.7611,-1.976,0.7504,81.1887
2.37,1.0631,0.4156,2.6025,0.7717,-1.9872,0.7566,82.4091
2.38,1.0678,0.4657,2.6037,0.7823,-1.9984,0.7636,83.6202
2.39,1.0775,0.9719,2.6047,0.793,-1.9905,1.7527,84.5291
2.4,1.0914,1.3865,2.6057,0.8039,-1.9792,1.7224,84.9513
2.41,1.1064,1.5011,2.6066,0.8149,-1.9677,1.6921,85.3798
2.42,1.1214,1.4995,2.6074,0.8261,-1.9559,1.6618,85.8232
2.43,1.1364,1.4999,2.6081,0.8374,-1.9439,1.6315,86.2824
2.44,1.1514,1.5003,2.6088,0.8489,-1.9315,1.6013,86.7577
2.45,1.1664,1.5007,2.6094,0.8606,-1.9189,1.5713,87.2498
2.46,1.1814,1.4993,2.6098,0.8724,-1.906,1.5413,87.7596
2.47,1.1964,1.4997,2.6102,0.8843,-1.8928,1.5114,88.2883
2.48,1.2114,1.5002,2.6104,0.8964,-1.8793,1.4817,88.8363
2.49,1.2264,1.5006,2.6105,0.9087,-1.8655,1.4522,89.4043
2.5,1.2413,1.4994,2.6106,0.9211,-1.8514,1.4229,89.9934
2.51,1.2563,1.4998,2.6104,0.9337,-1.8369,1.3938,90.6049
2.52,1.2713,1.5003,2.6101,0.9464,-1.8222,1.365,91.2394
2.53,1.2863,1.4992,2.6097,0.9592,-1.807,1.3364,91.8983
2.54,1.3013,1.5011,2.6091,0.9722,-1.7915,1.3082,92.5824
2.55,1.3163,1.4987,2.6084,0.9854,-1.7757,1.2803,93.2929
2.56,1.3314,1.5006,2.6074,0.9987,-1.7594,1.2528,94.0314
2.57,1.3464,1.4997,2.6063,1.0121,-1.7428,1.2257,94.7986
2.58,1.3485,0.2125,2.605,1.0255,-1.726,1.1994,95.5918
2.59,1.3341,-1.44,2.6035,1.0387,-1.7091,1.174,96.403
2.6,1.32,-1.4062,2.6018,1.0518,-1.6922,1.1496,97.2278
2.61,1.3064,-1.3653,2.6,1.0648,-1.6753,1.1262,98.0665
2.62,1.2931,-1.3244,2.598,1.0775,-1.6584,1.1037,98.9188
2.63,1.2803,-1.2835,2.5958,1.0902,-1.6414,1.0821,99.7849
2.64,1.2679,-1.2425,2.5935,1.1026,-1.6244,1.0615,100.6648
2.65,1.2559,-1.2005,2.591,1.1149,-1.6073,1.0417,101.559
2.66,1.2442,-1.1617,2.5883,1.1271,-1.5902,1.0228,102.4668
2.67,1.2331,-1.1187,2.5854,1.1391,-1.5731,1.0047,103.388
2.68,1.2223,-1.0788,2.5824,1.1509,-1.5559,0.9874,104.3234
2.69,1.2119,-1.0378,2.5792,1.1626,-1.5387,0.971,105.2719
2.7,1.2019,-0.996,2.5759,1.1742,-1.5215,0.9554,106.2341
2.71,1.1924,-0.9559,2.5723,1.1855,-1.5042,0.9405,107.2099
2.72,1.1832,-0.9142,2.5686,1.1968,-1.4869,0.9264,108.199
2.73,1.1745,-0.874,2.5648,1.2079,-1.4695,0.913,109.2011
2.74,1.1662,-0.8323,2.5607,1.2188,-1.4521,0.9004,110.2158
2.75,1.1583,-0.7914,2.5565,1.2296,-1.4346,0.8885,111.2438
2.76,1.1507,-0.7505,2.5522,1.2403,-1.417,0.8773,112.2846
2.77,1.1436,-0.7101,2.5476,1.2508,-1.3995,0.8668,113.3369
2.78,1.137,-0.6686,2.5429,1.2611,-1.3818,0.857,114.4002
2.79,1.1307,-0.6277,2.5381,1.2713,-1.3641,0.8478,115.4749
2.8,1.1248,-0.5869,2.5331,1.2814,-1.3464,0.8393,116.5605
2.81,1.1194,-0.5465,2.5279,1.2913,-1.3286,0.8315,117.6555
2.82,1.1143,-0.5048,2.5225,1.3011,-1.3107,0.8242,118.7601
2.83,1.1097,-0.4645,2.517,1.3107,-1.2927,0.8177,119.8747
2.84,1.1054,-0.4237,2.5113,1.3202,-1.2747,0.8117,120.9977
2.85,1.1016,-0.383,2.5054,1.3295,-1.2567,0.8064,122.1283
2.86,1.0982,-0.3424,2.4994,1.3387,-1.2386,0.8017,123.2658
2.87,1.0951,-0.3018,2.4932,1.3477,-1.2204,0.7976,124.4093
2.88,1.0925,-0.2611,2.4869,1.3566,-1.2021,0.7941,125.5591
2.89,1.0903,-0.221,2.4803,1.3653,-1.1838,0.7911,126.7143
2.9,1.0885,-0.1806,2.4737,1.3739,-1.1654,0.7888,127.8732
2.91,1.0871,-0.1404,2.4668,1.3824,-1.1469,0.7871,129.0348
2.92,1.0861,-0.1003,2.4598,1.3907,-1.1284,0.7859,130.1993
2.93,1.0855,-0.0604,2.4526,1.3988,-1.1098,0.7853,131.3657
2.94,1.0853,-0.0206,2.4453,1.4068,-1.0911,0.7853,132.5322
2.95,1.0855,0.0191,2.4378,1.4147,-1.0724,0.7859,133.6989
2.96,1.0861,0.0585,2.4301,1.4224,-1.0536,0.787,134.8659
2.97,1.0871,0.0979,2.4223,1.4299,-1.0347,0.7887,136.0313
2.98,1.0884,0.137,2.4143,1.4373,-1.0157,0.791,137.1933
2.99,1.0902,0.1758,2.4062,1.4446,-0.9966,0.7938,138.3519
3,1.0923,0.2145,2.3979,1.4516,-0.9775,0.7972,139.5065
3.01,1.0949,0.2526,2.3894,1.4586,-0.9583,0.8012,140.657
3.02,1.0978,0.2913,2.3808,1.4654,-0.939,0.8057,141.8017
3.03,1.1011,0.3284,2.372,1.472,-0.9197,0.8108,142.94
3.04,1.1047,0.3664,2.363,1.4785,-0.9002,0.8165,144.0719
3.05,1.1087,0.4033,2.3539,1.4848,-0.8807,0.8227,145.1959
3.06,1.1132,0.4401,2.3447,1.491,-0.8611,0.8295,146.3121
3.07,1.1179,0.4765,2.3353,1.497,-0.8414,0.8369,147.4199
3.08,1.123,0.5125,2.3257,1.5029,-0.8216,0.8448,148.5188
3.09,1.1285,0.5485,2.316,1.5086,-0.8017,0.8533,149.6072
3.1,1.1344,0.5827,2.3061,1.5141,-0.7817,0.8624,150.6856
3.11,1.1405,0.6177,2.296,1.5195,-0.7617,0.8721,151.7543
3.12,1.147,0.6518,2.2858,1.5248,-0.7415,0.8823,152.8119
3.13,1.1539,0.6848,2.2754,1.5299,-0.7212,0.8931,153.859
3.14,1.1611,0.7187,2.2649,1.5348,-0.7009,0.9045,154.8942
3.15,1.1686,0.7498,2.2543,1.5396,-0.6804,0.9164,155.9173
3.16,1.1764,0.7813,2.2434,1.5442,-0.6598,0.9289,156.9295
3.17,1.1845,0.8127,2.2325,1.5486,-0.6392,0.942,157.9297
3.18,1.1929,0.8427,2.2213,1.5529,-0.6184,0.9556,158.9171
3.19,1.2017,0.8706,2.21,1.557,-0.5975,0.9698,159.8928
3.2,1.2107,0.9002,2.1986,1.561,-0.5765,0.9846,160.8567
3.21,1.2199,0.9275,2.187,1.5648,-0.5554,0.9998,161.8072
3.22,1.2295,0.9525,2.1753,1.5685,-0.5342,1.0157,162.7457
3.23,1.2392,0.9785,2.1634,1.5719,-0.5128,1.032,163.6726
3.24,1.2493,1.0027,2.1513,1.5753,-0.4913,1.0489,164.5873
3.25,1.2595,1.0257,2.1392,1.5784,-0.4697,1.0664,165.4898
3.26,1.27,1.0474,2.1268,1.5814,-0.448,1.0843,166.38
3.27,1.2807,1.067,2.1143,1.5842,-0.4261,1.1027,167.2585
3.28,1.2915,1.0867,2.1017,1.5869,-0.4041,1.1215,168.1254
3.29,1.3026,1.1042,2.0889,1.5894,-0.382,1.1408,168.9803
3.3,1.3138,1.1185,2.076,1.5917,-0.3597,1.1606,169.8242
3.31,1.3251,1.1349,2.0629,1.5939,-0.3374,1.1807,170.6567
3.32,1.3366,1.145,2.0497,1.5958,-0.3148,1.2012,171.478
3.33,1.3481,1.157,2.0363,1.5976,-0.2921,1.2221,172.2887
3.34,1.3598,1.164,2.0228,1.5993,-0.2693,1.2433,173.089
3.35,1.3715,1.1719,2.0092,1.6007,-0.2463,1.2648,173.8789
3.36,1.3832,1.1752,1.9954,1.602,-0.2232,1.2864,174.6583
3.37,1.395,1.1762,1.9815,1.6031,-0.1999,1.3083,175.4282
3.38,1.4068,1.177,1.9675,1.6041,-0.1764,1.3304,176.1884
3.39,1.4185,1.1721,1.9533,1.6048,-0.1528,1.3525,176.9392
3.4,1.4302,1.1668,1.939,1.6054,-0.1291,1.3747,177.6811
3.41,1.4417,1.1571,1.9246,1.6058,-0.1051,1.3968,178.4145
3.42,1.4532,1.1465,1.9101,1.606,-0.0811,1.4189,179.1391
3.43,1.4645,1.1291,1.8954,1.6061,-0.0568,1.4408,179.8557
3.44,1.4756,1.1127,1.8807,1.6059,-0.0324,1.4624,-179.4355
3.45,1.4865,1.0886,1.8658,1.6056,-0.0078,1.4838,-178.7341
3.46,1.4971,1.0649,1.8508,1.6051,0.0169,1.5047,-178.0398
3.47,1.5075,1.0335,1.8358,1.6044,0.0419,1.5252,-177.3524
3.48,1.5175,1.0019,1.8206,1.6035,0.0669,1.5451,-176.6715
3.49,1.5271,0.9627,1.8054,1.6024,0.0922,1.5643,-175.9967
3.5,1.5364,0.9227,1.7901,1.6012,0.1175,1.5827,-175.3276
3.51,1.5451,0.875,1.7747,1.5998,0.1431,1.6003,-174.664
3.52,1.5534,0.8259,1.7593,1.5981,0.1688,1.6168,-174.0053
3.53,1.5611,0.7698,1.7438,1.5963,0.1947,1.6322,-173.3515
3.54,1.5607,-0.0371,1.7283,1.5943,0.2207,1.6464,-172.703
3.55,1.546,-1.4685,1.713,1.5922,0.2464,1.659,-172.0644
3.56,1.531,-1.4996,1.6978,1.5899,0.2719,1.6701,-171.4379
3.57,1.516,-1.4998,1.6829,1.5875,0.2973,1.6795,-170.8221
3.58,1.501,-1.5,1.6681,1.585,0.3224,1.6874,-170.2163
3.59,1.486,-1.5001,1.6534,1.5823,0.3474,1.6936,-169.6198
3.6,1.471,-1.4994,1.639,1.5795,0.3723,1.698,-169.0316
3.61,1.456,-1.5014,1.6247,1.5766,0.3969,1.7007,-168.4514
3.62,1.441,-1.4988,1.6106,1.5735,0.4214,1.7017,-167.8784
3.63,1.426,-1.5008,1.5967,1.5704,0.4457,1.7009,-167.3115
3.64,1.411,-1.5001,1.583,1.5672,0.4699,1.6983,-166.7505
3.65,1.396,-1.4993,1.5694,1.5638,0.494,1.6939,-166.1942
3.66,1.381,-1.5004,1.5561,1.5604,0.5179,1.6878,-165.642
3.67,1.366,-1.5005,1.5429,1.5569,0.5417,1.6799,-165.0937
3.68,1.351,-1.4997,1.5298,1.5533,0.5653,1.6702,-164.5485
3.69,1.336,-1.4999,1.517,1.5496,0.5888,1.6588,-164.0054
3.7,1.321,-1.5,1.5043,1.5459,0.6122,1.6457,-163.4641
3.71,1.306,-1.5002,1.4919,1.542,0.6355,1.6309,-162.9238
3.72,1.291,-1.5003,1.4796,1.5381,0.6587,1.6144,-162.3841
3.73,1.276,-1.4995,1.4674,1.5341,0.6817,1.5964,-161.8442
3.74,1.261,-1.4996,1.4555,1.5301,0.7047,1.5768,-161.303
3.75,1.246,-1.5008,1.4437,1.526,0.7276,1.5557,-160.7605
3.76,1.231,-1.4999,1.4321,1.5218,0.7503,1.5331,-160.216
3.77,1.216,-1.5001,1.4207,1.5176,0.773,1.5092,-159.6686
3.78,1.201,-1.5002,1.4095,1.5133,0.7956,1.484,-159.1177
3.79,1.186,-1.4994,1.3985,1.509,0.8181,1.4575,-158.5623
3.8,1.171,-1.5005,1.3876,1.5046,0.8406,1.4299,-158.0018
3.81,1.156,-1.4996,1.3769,1.5002,0.863,1.4012,-157.4355
3.82,1.141,-1.5008,1.3664,1.4957,0.8852,1.3715,-156.8627
3.83,1.126,-1.4989,1.3561,1.4912,0.9075,1.3409,-156.2823
3.84,1.111,-1.5011,1.346,1.4866,0.9297,1.3095,-155.6934
3.85,1.096,-1.4992,1.3361,1.482,0.9518,1.2774,-155.0953
3.86,1.081,-1.5004,1.3263,1.4773,0.9739,1.2446,-154.4867
3.87,1.066,-1.4995,1.3167,1.4726,0.9959,1.2113,-153.8665
3.88,1.0538,-1.2203,1.3073,1.4678,0.9926,0.7366,-153.0348
3.89,1.0484,-0.5413,1.2981,1.4629,0.9835,0.7291,-151.8008
3.9,1.0433,-0.5097,1.289,1.4578,0.9744,0.7223,-150.5435
3.91,1.0386,-0.4662,1.2801,1.4524,0.9653,0.7162,-149.2742
3.92,1.0344,-0.4226,1.2713,1.447,0.9561,0.7106,-147.9932
3.93,1.0306,-0.3796,1.2627,1.4413,0.9469,0.7057,-146.7022
3.94,1.0273,-0.3359,1.2543,1.4355,0.9377,0.7014,-145.4021
3.95,1.0243,-0.2928,1.2459,1.4295,0.9284,0.6977,-144.0926
3.96,1.0218,-0.25,1.2378,1.4233,0.9191,0.6946,-142.7761
3.97,1.0198,-0.2068,1.2298,1.4169,0.9098,0.6921,-141.4539
3.98,1.0181,-0.164,1.222,1.4104,0.9004,0.6901,-140.1255
3.99,1.0169,-0.1215,1.2144,1.4037,0.891,0.6888,-138.7929
4,1.0161,-0.079,1.2069,1.3968,0.8815,0.688,-137.458
4.01,1.0158,-0.0368,1.1996,1.3898,0.8721,0.6878,-136.1219
4.02,1.0158,0.0051,1.1924,1.3826,0.8625,0.6881,-134.7852
4.03,1.0163,0.0468,1.1854,1.3752,0.853,0.689,-133.449
4.04,1.0172,0.0881,1.1786,1.3677,0.8434,0.6905,-132.1145
4.05,1.0184,0.1292,1.1719,1.3599,0.8338,0.6926,-130.7829
4.06,1.0201,0.1699,1.1655,1.3521,0.8242,0.6951,-129.4559
4.07,1.0222,0.2102,1.1592,1.344,0.8145,0.6983,-128.1347
4.08,1.0247,0.2499,1.153,1.3358,0.8048,0.702,-126.8196
4.09,1.0276,0.2894,1.147,1.3275,0.795,0.7062,-125.5117
4.1,1.0309,0.3282,1.1412,1.3189,0.7853,0.711,-124.2119
4.11,1.0346,0.3667,1.1356,1.3103,0.7755,0.7163,-122.9211
4.12,1.0386,0.4045,1.1302,1.3014,0.7656,0.7221,-121.6408
4.13,1.043,0.4415,1.1249,1.2924,0.7557,0.7285,-120.3712
4.14,1.0478,0.4783,1.1198,1.2833,0.7458,0.7355,-119.113
4.15,1.053,0.5139,1.1149,1.274,0.7359,0.7429,-117.8669
4.16,1.0585,0.5492,1.1101,1.2645,0.7259,0.7509,-116.6336
4.17,1.0643,0.5833,1.1056,1.2549,0.7159,0.7595,-115.4135
4.18,1.0705,0.6171,1.1012,1.2451,0.7058,0.7685,-114.2071
4.19,1.077,0.6494,1.097,1.2352,0.6957,0.7781,-113.015
4.2,1.0838,0.6815,1.0929,1.2251,0.6856,0.7881,-111.8374
4.21,1.0909,0.7115,1.0891,1.2149,0.6754,0.7987,-110.6742
4.22,1.0983,0.7419,1.0854,1.2046,0.6652,0.8098,-109.5254
4.23,1.106,0.7706,1.0819,1.1941,0.655,0.8213,-108.3926
4.24,1.114,0.7973,1.0786,1.1834,0.6447,0.8334,-107.2747
4.25,1.1222,0.8244,1.0755,1.1727,0.6344,0.8459,-106.1719
4.26,1.1307,0.8491,1.0726,1.1618,0.6241,0.8589,-105.0846
4.27,1.1395,0.8724,1.0698,1.1507,0.6137,0.8723,-104.012
4.28,1.1484,0.8957,1.0672,1.1395,0.6032,0.8862,-102.9545
4.29,1.1576,0.9158,1.0648,1.1282,0.5928,0.9005,-101.9119
4.3,1.1669,0.9361,1.0626,1.1167,0.5823,0.9152,-100.8844
4.31,1.1765,0.9531,1.0606,1.1051,0.5717,0.9303,-99.8715
4.32,1.1862,0.9699,1.0588,1.0934,0.5611,0.9457,-98.8729
4.33,1.196,0.9841,1.0571,1.0816,0.5504,0.9615,-97.8882
4.34,1.206,0.9979,1.0557,1.0696,0.5398,0.9777,-96.9177
4.35,1.2161,1.008,1.0544,1.0575,0.529,0.9941,-95.9612
4.36,1.2262,1.0172,1.0534,1.0453,0.5183,1.0108,-95.0174
4.37,1.2365,1.0254,1.0525,1.033,0.5074,1.0277,-94.0871
4.38,1.2468,1.0297,1.0518,1.0205,0.4966,1.0449,-93.1698
4.39,1.2571,1.0329,1.0513,1.0079,0.4857,1.0622,-92.2644
4.4,1.2675,1.0345,1.051,0.9953,0.4747,1.0797,-91.371
4.41,1.2778,1.0333,1.0509,0.9825,0.4637,1.0973,-90.4897
4.42,1.2881,1.0296,1.051,0.9696,0.4527,1.1149,-89.6197
4.43,1.2983,1.0244,1.0512,0.9566,0.4416,1.1326,-88.7605
4.44,1.3085,1.0161,1.0517,0.9436,0.4305,1.1502,-87.9118
4.45,1.3185,1.0063,1.0524,0.9304,0.4193,1.1678,-87.0733
4.46,1.3285,0.9936,1.0533,0.9171,0.4081,1.1853,-86.2448
4.47,1.3383,0.9786,1.0543,0.9038,0.3969,1.2026,-85.4259
4.48,1.3479,0.9606,1.0556,0.8904,0.3856,1.2197,-84.6159
4.49,1.3573,0.9414,1.0571,0.8769,0.3742,1.2365,-83.8147
4.5,1.3665,0.9182,1.0587,0.8633,0.3629,1.2531,-83.0217
4.51,1.3754,0.8941,1.0606,0.8497,0.3514,1.2692,-82.2367
4.52,1.3839,0.8511,1.0626,0.836,0.34,1.2849,-81.459
4.53,1.3782,-0.5741,1.0649,0.8224,0.3286,1.3,-80.6923
4.54,1.3632,-1.4998,1.0672,0.809,0.3174,1.3143,-79.9425
4.55,1.3482,-1.5,1.0698,0.7957,0.3063,1.3279,-79.2109
4.56,1.3332,-1.5002,1.0724,0.7827,0.2954,1.3407,-78.4965
4.57,1.3182,-1.4997,1.0752,0.7698,0.2846,1.3526,-77.7983
4.58,1.3032,-1.5005,1.0781,0.7571,0.274,1.3638,-77.1156
4.59,1.2882,-1.5,1.0811,0.7446,0.2635,1.3741,-76.4477
4.6,1.2732,-1.4994,1.0843,0.7322,0.2531,1.3836,-75.7934
4.61,1.2582,-1.5003,1.0875,0.7201,0.2429,1.3924,-75.152
4.62,1.2432,-1.5005,1.0908,0.7081,0.2328,1.4003,-74.5235
4.63,1.2282,-1.4999,1.0942,0.6963,0.2229,1.4074,-73.9068
4.64,1.2132,-1.4992,1.0977,0.6847,0.2131,1.4137,-73.301
4.65,1.1982,-1.5009,1.1012,0.6732,0.2034,1.4193,-72.706
4.66,1.1832,-1.4994,1.1049,0.662,0.1938,1.4241,-72.1212
4.67,1.1682,-1.5003,1.1086,0.6509,0.1844,1.4281,-71.5461
4.68,1.1532,-1.5005,1.1123,0.64,0.1751,1.4314,-70.9805
4.69,1.1382,-1.4998,1.1161,0.6293,0.1659,1.434,-70.4239
4.7,1.1232,-1.4998,1.12,0.6187,0.1568,1.4359,-69.8756
4.71,1.1082,-1.4999,1.1239,0.6083,0.1478,1.4371,-69.3354
4.72,1.0932,-1.5,1.1279,0.5981,0.139,1.4377,-68.803
4.73,1.0782,-1.5001,1.1319,0.5881,0.1303,1.4376,-68.2781
4.74,1.0632,-1.4993,1.1359,0.5783,0.1217,1.4369,-67.7602
4.75,1.0482,-1.5011,1.1399,0.5686,0.1132,1.4357,-67.2494
4.76,1.0332,-1.4994,1.144,0.5591,0.1049,1.4339,-66.7455
4.77,1.0182,-1.5004,1.1481,0.5498,0.0966,1.4316,-66.248
4.78,1.0032,-1.5004,1.1522,0.5407,0.0885,1.4288,-65.7571
4.79,0.9882,-1.4986,1.1564,0.5317,0.0805,1.4254,-65.272
4.8,0.9732,-1.5015,1.1605,0.5229,0.0726,1.4217,-64.7928
4.81,0.9582,-1.4996,1.1647,0.5142,0.0648,1.4175,-64.3198
4.82,0.9432,-1.4996,1.1688,0.5058,0.0572,1.4129,-63.8523
4.83,0.9282,-1.4996,1.173,0.4975,0.0496,1.408,-63.3901
4.84,0.9132,-1.5007,1.1771,0.4893,0.0422,1.4027,-62.9334
4.85,0.8982,-1.4997,1.1813,0.4814,0.0348,1.3971,-62.4822
4.86,0.8832,-1.5007,1.1854,0.4736,0.0276,1.3912,-62.0365
4.87,0.8682,-1.4997,1.1896,0.4659,0.0205,1.385,-61.5961
4.88,0.8532,-1.4997,1.1937,0.4585,0.0135,1.3785,-61.1606
4.89,0.8382,-1.4997,1.1978,0.4512,0.0066,1.3719,-60.7302
4.9,0.8232,-1.5016,1.2019,0.444,0,0.444,-60.3047
4.91,0.8208,-0.2416,1.2061,0.437,0,0.4544,-58.8505
4.92,0.8308,1.0046,1.2107,0.4301,0,0.4661,-56.5062
4.93,0.8419,1.1137,1.2156,0.4232,0,0.4792,-54.2633
4.94,0.8541,1.2203,1.2208,0.4165,0,0.4937,-52.1216
4.95,0.8674,1.326,1.2264,0.4098,0,0.5097,-50.0769
4.96,0.8817,1.4322,1.2323,0.4033,0,0.5272,-48.1276
4.97,0.8967,1.4959,1.2385,0.3968,0,0.5462,-46.2726
4.98,0.9117,1.5001,1.245,0.3904,0,0.5668,-44.5088
4.99,0.9267,1.4997,1.2518,0.3841,0,0.589,-42.8327
5,0.9417,1.5005,1.2589,0.3779,0,0.6128,-41.2416
5.01,0.9567,1.5003,1.2662,0.3718,0,0.6383,-39.7327
5.02,0.9717,1.499,1.2739,0.3657,0,0.6655,-38.3004
5.03,0.9867,1.5013,1.2817,0.3598,0,0.6944,-36.9418
5.04,1.0017,1.4989,1.2899,0.354,0,0.7251,-35.6527
5.05,1.0167,1.5012,1.2983,0.3482,0,0.7575,-34.4291
5.06,1.0317,1.4989,1.3069,0.3426,0,0.7917,-33.2671
5.07,1.0467,1.5001,1.3158,0.337,0,0.8277,-32.1621
5.08,1.0617,1.5002,1.3248,0.3315,0,0.8656,-31.1117
5.09,1.0767,1.5003,1.3342,0.3261,0,0.9053,-30.1125
5.1,1.0917,1.4992,1.3437,0.3208,0,0.947,-29.1606
5.11,1.1067,1.5005,1.3534,0.3156,0,0.9905,-28.2533
5.12,1.1217,1.5007,1.3634,0.3104,0,1.0358,-27.3885
5.13,1.1367,1.4984,1.3736,0.3053,0,1.0833,-26.5624
5.14,1.1517,1.5009,1.3839,0.3003,0,1.1326,-25.7726
5.15,1.1667,1.5011,1.3945,0.2954,0,1.1838,-25.0184
5.16,1.1817,1.4988,1.4053,0.2905,0,1.2371,-24.2964
5.17,1.1967,1.5001,1.4162,0.2857,0,1.2924,-23.6042
5.18,1.2117,1.499,1.4274,0.281,0,1.3497,-22.9402
5.19,1.2267,1.5016,1.4387,0.2763,0,1.409,-22.3034
5.2,1.2417,1.4993,1.4503,0.2718,0,1.4704,-21.6921
5.21,1.2567,1.4994,1.462,0.2672,0,1.5339,-21.1041
5.22,1.2717,1.5008,1.4739,0.2628,0,1.5994,-20.5387
5.23,1.2867,1.4997,1.486,0.2584,0,1.667,-19.9945
5.24,1.3017,1.501,1.4983,0.254,0,1.7366,-19.4705
5.25,1.3167,1.4986,1.5107,0.2498,0,1.8085,-18.9652
5.26,1.3317,1.5,1.5234,0.2455,0,1.8825,-18.4773
5.27,1.3467,1.5001,1.5362,0.2414,0,1.9586,-18.0063
5.28,1.3617,1.5002,1.5492,0.2373,0,2.0368,-17.5513
5.29,1.3767,1.5003,1.5623,0.2332,0,2.1171,-17.1117
5.3,1.3917,1.5004,1.5756,0.2292,0,2.1995,-16.6866
5.31,1.4067,1.498,1.5892,0.2253,0,2.2842,-16.2747
5.32,1.4217,1.5019,1.6028,0.2214,0,2.3709,-15.8758
5.33,1.4367,1.4995,1.6167,0.2175,0,2.4598,-15.4894
5.34,1.4517,1.4996,1.6307,0.2138,0,2.5509,-15.1145
5.35,1.4667,1.4996,1.6449,0.21,0,2.6442,-14.7506
5.36,1.4817,1.501,1.6592,0.2063,0,2.7396,-14.3974
5.37,1.4967,1.4998,1.6737,0.2027,0,2.8371,-14.0545
5.38,1.5117,1.4999,1.6884,0.1991,0,2.9368,-13.7211
5.39,1.5267,1.4987,1.7033,0.1956,0,3.0387,-13.3966
5.4,1.5417,1.5013,1.7183,0.1921,0,3.1427,-13.081
5.41,1.5567,1.5001,1.7335,0.1887,0,3.2487,-12.774
5.42,1.5717,1.499,1.7488,0.1853,0,3.357,-12.4749
5.43,1.5867,1.5003,1.7643,0.1819,0,3.4674,-12.1833
5.44,1.6017,1.5004,1.78,0.1786,0,3.5798,-11.8991
5.45,1.6167,1.5004,1.7958,0.1754,0,3.6942,-11.6221
5.46,1.6317,1.4992,1.8118,0.1721,0,3.8108,-11.3518
5.47,1.6467,1.4993,1.828,0.169,0,3.9296,-11.0877
5.48,1.6617,1.5019,1.8443,0.1659,0,4.05,-10.83
5.49,1.6767,1.4982,1.8608,0.1628,0,4.1728,-10.5782
5.5,1.6917,1.5008,1.8774,0.1597,0,4.2974,-10.332
5.51,1.7067,1.4996,1.8942,0.1567,0,4.4241,-10.0913
5.52,1.7217,1.5009,1.9112,0.1538,0,4.5525,-9.8559
5.53,1.7367,1.4985,1.9283,0.1509,0,4.683,-9.6254
5.54,1.7517,1.501,1.9456,0.148,0,4.8152,-9.3997
5.55,1.7667,1.4998,1.963,0.1452,0,4.9493,-9.1789
5.56,1.7817,1.4999,1.9806,0.1424,0,5.0853,-8.9624
5.57,1.7967,1.4999,1.9984,0.1397,0,5.223,-8.7503
5.58,1.8117,1.5,2.0163,0.137,0,5.3624,-8.5423
5.59,1.8267,1.5001,2.0344,0.1344,0,5.5034,-8.3383
5.6,1.8417,1.5001,2.0526,0.1318,0,5.646,-8.1382
5.61,1.8567,1.5002,2.071,0.1292,0,5.79,-7.9418
5.62,1.8717,1.499,2.0896,0.1267,0,5.936,-7.7489
5.63,1.8867,1.5015,2.1082,0.1242,0,6.083,-7.5595
5.64,1.9017,1.4979,2.1271,0.1217,0,6.232,-7.3733
5.65,1.9167,1.5016,2.1461,0.1194,0,6.3817,-7.1903
5.66,1.9317,1.4992,2.1653,0.117,0,6.533,-7.0105
5.67,1.9467,1.5005,2.1846,0.1147,0,6.6853,-6.8336
5.68,1.9617,1.4994,2.2041,0.1124,0,6.8387,-6.6596
5.69,1.9767,1.5006,2.2237,0.1102,0,6.9932,-6.4883
5.7,1.9917,1.4995,2.2435,0.108,0,7.1493,-6.3197
5.71,2.0067,1.4995,2.2635,0.1058,0,7.306,-6.1536
5.72,2.0217,1.5008,2.2836,0.1037,0,7.463,-5.9899
5.73,2.0367,1.4985,2.3039,0.1016,0,7.6212,-5.8286
5.74,2.0517,1.5021,2.3243,0.0996,0,7.7801,-5.6697
5.75,2.0667,1.4986,2.3448,0.0976,0,7.939,-5.513
5.76,2.0817,1.4998,2.3656,0.0957,0,8.0987,-5.3583
5.77,2.0967,1.5011,2.3864,0.0938,0,8.2582,-5.2058
5.78,2.1117,1.4988,2.4075,0.0919,0,8.4189,-5.0552
5.79,2.1267,1.5,2.4287,0.0901,0,8.5786,-4.9064
5.8,2.1417,1.5013,2.45,0.0883,0,8.7387,-4.7596
5.81,2.1567,1.499,2.4715,0.0866,0,8.899,-4.6145
5.82,2.1717,1.5002,2.4932,0.0849,0,9.0582,-4.4711
5.83,2.1867,1.4991,2.515,0.0833,0,9.2177,-4.3293
5.84,2.2017,1.5015,2.5369,0.0816,0,9.3774,-4.1891
5.85,2.2167,1.4993,2.559,0.0801,0,9.5348,-4.0504
5.86,2.2317,1.4993,2.5813,0.0786,0,9.6916,-3.9131
5.87,2.2467,1.5005,2.6037,0.0771,0,9.8487,-3.7771
5.88,2.2617,1.4995,2.6263,0.0756,0,10.0023,-3.6425
5.89,2.2767,1.5007,2.649,0.0742,0,10.1566,-3.5091
5.9,2.2917,1.4996,2.6719,0.0729,0,10.3091,-3.377
5.91,2.3067,1.4997,2.6949,0.0716,0,10.4592,-3.246
5.92,2.3217,1.5009,2.7181,0.0703,0,10.6065,-3.1161
5.93,2.3367,1.4998,2.7414,0.0691,0,10.7536,-2.9873
5.94,2.3517,1.4988,2.7649,0.0679,0,10.8973,-2.8594
5.95,2.3667,1.5011,2.7886,0.0668,0,11.04,-2.7324
5.96,2.3817,1.499,2.8124,0.0657,0,11.1785,-2.6062
5.97,2.3967,1.5013,2.8363,0.0647,0,11.3155,-2.481
5.98,2.4117,1.4991,2.8604,0.0637,0,11.4472,-2.3565
5.99,2.4267,1.4992,2.8847,0.0628,0,11.5768,-2.2326
6,2.4417,1.5004,2.9091,0.0619,0,11.7021,-2.1094
6.01,2.4567,1.5005,2.9336,0.061,0,11.8246,-1.9869
6.02,2.4717,1.4995,2.9583,0.0602,0,11.9459,-1.8649
6.03,2.4867,1.5007,2.9832,0.0594,0,12.0598,-1.7434
6.04,2.4989,1.2193,3.0081,0.0587,0,12.1678,-1.6224
6.05,2.5,0.1138,3.0331,0.0581,0,12.2715,-1.5023
6.06,2.5,-0.0001,3.0581,0.0575,0,12.3707,-1.383
6.07,2.5,-0.0001,3.0831,0.0569,0,12.4649,-1.2648
6.08,2.5,-0.0001,3.1081,0.0564,0,12.5494,-1.1475
6.09,2.5,-0.0001,3.1331,0.056,0,12.6283,-1.031
6.1,2.5,-0.0001,3.1581,0.0556,0,12.7037,-0.9153
6.11,2.5,-0.0001,3.1831,0.0552,0,12.773,-0.8003
6.12,2.5,-0.0001,3.2081,0.0549,0,12.8359,-0.6859
6.13,2.5,-0.0001,3.2331,0.0547,0,12.8897,-0.572
6.14,2.5,-0.0001,3.2581,0.0545,0,12.9391,-0.4587
6.15,2.5,-0.0001,3.2831,0.0543,0,12.9788,-0.3457
6.16,2.5,-0.0001,3.3081,0.0542,0,13.0137,-0.2332
6.17,2.5,-0.0001,3.3331,0.0542,0,13.041,-0.1209
6.18,2.5,-0.0001,3.3581,0.0542,0,13.0632,-0.0089
6.19,2.5,-0.0001,3.3831,0.0542,0,13.0722,0.1029
6.2,2.5,-0.0001,3.4081,0.0543,0,13.0784,0.2146
6.21,2.5,-0.0001,3.4331,0.0544,0,13.0764,0.3263
6.22,2.5,-0.0001,3.4581,0.0546,0,13.0687,0.438
6.23,2.5,-0.0001,3.4831,0.0549,0,13.0473,0.5498
6.24,2.5,-0.0001,3.5081,0.0552,0,13.0227,0.6617
6.25,2.5,-0.0001,3.5331,0.0555,0,12.9868,0.7739
6.26,2.5,-0.0001,3.5581,0.0559,0,12.9452,0.8864
6.27,2.5,-0.0001,3.5831,0.0563,0,12.8948,0.9993
6.28,2.5,-0.0001,3.6081,0.0568,0,12.8333,1.1126
6.29,2.5,-0.0001,3.6331,0.0573,0,12.7659,1.2264
6.3,2.5,-0.0001,3.6581,0.0579,0,12.6901,1.3409
6.31,2.5,-0.0001,3.6831,0.0586,0,12.6086,1.456
6.32,2.5,-0.0001,3.7081,0.0593,0,12.5163,1.5719
6.33,2.5,-0.0001,3.7331,0.06,0,12.4158,1.6888
6.34,2.5,-0.0001,3.758,0.0608,0,12.3051,1.8066
6.35,2.5,-0.0001,3.783,0.0616,0,12.1892,1.9253
6.36,2.5,-0.0001,3.808,0.0625,0,12.0609,2.0454
6.37,2.5,-0.0001,3.833,0.0635,0,11.9256,2.1667
6.38,2.5,-0.0001,3.858,0.0645,0,11.7835,2.2895
6.39,2.5,-0.0001,3.8829,0.0655,0,11.6303,2.4137
6.4,2.5,-0.0001,3.9079,0.0666,0,11.4712,2.5396
6.41,2.5,-0.0001,3.9329,0.0678,0,11.3019,2.6673
6.42,2.5,-0.0001,3.9579,0.069,0,11.1255,2.797
6.43,2.5,0,3.9828,0.0703,0.011,7.144,2.8913
6.44,2.5,0,4.0078,0.0714,0.0347,7.0242,2.7311
6.45,2.4947,-0.5295,4.0327,0.0725,0.0584,6.9041,2.5198
6.46,2.4799,-1.4802,4.0575,0.0735,0.0822,6.786,2.3056
6.47,2.4649,-1.5003,4.0821,0.0744,0.1059,6.6675,2.0887
6.48,2.4499,-1.4993,4.1066,0.0752,0.1297,6.5511,1.8692
6.49,2.4349,-1.5012,4.1309,0.0759,0.1535,6.4355,1.647
6.5,2.4199,-1.4984,4.1552,0.0765,0.1773,6.3206,1.422
6.51,2.4049,-1.5013,4.1792,0.077,0.2011,6.207,1.1942
6.52,2.3899,-1.4994,4.2031,0.0774,0.2249,6.0944,0.9635
6.53,2.3749,-1.5003,4.2268,0.0777,0.2487,5.9828,0.7298
6.54,2.3599,-1.5003,4.2504,0.078,0.2725,5.8723,0.4932
6.55,2.3449,-1.4994,4.2739,0.0781,0.2964,5.7631,0.2534
6.56,2.3299,-1.5004,4.2972,0.0781,0.3202,5.6548,0.0104
6.57,2.3149,-1.4994,4.3203,0.078,0.3441,5.5476,-0.2359
6.58,2.2999,-1.5004,4.3433,0.0778,0.368,5.4414,-0.4856
6.59,2.2849,-1.4995,4.3662,0.0775,0.3919,5.3367,-0.7388
6.6,2.2699,-1.5004,4.3889,0.0771,0.4158,5.2329,-0.9955
6.61,2.2549,-1.5004,4.4114,0.0766,0.4397,5.1303,-1.2558
6.62,2.2399,-1.4995,4.4338,0.076,0.4637,5.0288,-1.5197
6.63,2.2249,-1.5004,4.456,0.0753,0.4876,4.9285,-1.7875
6.64,2.2099,-1.4995,4.4781,0.0745,0.5116,4.8293,-2.0591
6.65,2.1949,-1.4995,4.5001,0.0736,0.5356,4.7312,-2.335
6.66,2.1799,-1.5014,4.5218,0.0726,0.5596,4.6346,-2.6148
6.67,2.1649,-1.4986,4.5435,0.0715,0.5836,4.5389,-2.8988
6.68,2.1499,-1.5005,4.5649,0.0703,0.6076,4.4445,-3.1873
6.69,2.1349,-1.5005,4.5862,0.069,0.6317,4.3512,-3.4801
6.7,2.1199,-1.4996,4.6074,0.0676,0.6557,4.2593,-3.7774
6.71,2.1049,-1.4996,4.6284,0.0661,0.6798,4.1684,-4.0795
6.72,2.0899,-1.5005,4.6492,0.0645,0.7039,4.0789,-4.3865
6.73,2.0749,-1.5005,4.6699,0.0628,0.728,3.9906,-4.6982
6.74,2.0599,-1.4987,4.6904,0.061,0.7521,3.9034,-5.015
6.75,2.0449,-1.5005,4.7108,0.0591,0.7763,3.8175,-5.3373
6.76,2.0299,-1.5006,4.731,0.0571,0.8004,3.7329,-5.6647
6.77,2.0149,-1.4996,4.751,0.055,0.8246,3.6495,-5.9975
6.78,1.9999,-1.4996,4.7709,0.0528,0.8488,3.5674,-6.3361
6.79,1.9849,-1.5006,4.7906,0.0505,0.873,3.4864,-6.6804
6.8,1.9699,-1.4997,4.8101,0.0481,0.8973,3.4068,-7.0307
6.81,1.9549,-1.4997,4.8295,0.0456,0.9215,3.3284,-7.3872
6.82,1.9399,-1.4997,4.8488,0.043,0.9458,3.2512,-7.7502
6.83,1.9249,-1.5006,4.8678,0.0402,0.9701,3.1753,-8.1196
6.84,1.9099,-1.5006,4.8867,0.0374,0.9944,3.1007,-8.4953
6.85,1.8949,-1.4988,4.9054,0.0345,1.0188,3.0273,-8.8779
6.86,1.8799,-1.5006,4.924,0.0315,1.0432,2.9552,-9.2678
6.87,1.8649,-1.5006,4.9424,0.0283,1.0675,2.8844,-9.6646
6.88,1.8499,-1.4988,4.9606,0.0251,1.0919,2.8149,-10.0689
6.89,1.8349,-1.5006,4.9786,0.0218,1.1164,2.7466,-10.481
6.9,1.8199,-1.4997,4.9965,0.0183,1.1408,2.6796,-10.9008
6.91,1.8049,-1.5006,5.0142,0.0148,1.1653,2.6139,-11.3286
6.92,1.7899,-1.4997,5.0317,0.0111,1.1897,2.5493,-11.7645
6.93,1.7749,-1.4997,5.0491,0.0074,1.2143,2.4861,-12.2092
6.94,1.7599,-1.4997,5.0662,0.0035,1.2388,2.4241,-12.6627
6.95,1.7449,-1.5006,5.0832,-0.0004,1.2633,2.3634,-13.1252
6.96,1.7299,-1.4997,5.1,-0.0045,1.2879,2.304,-13.5967
6.97,1.7149,-1.5006,5.1167,-0.0087,1.3125,2.2458,-14.0777
6.98,1.6999,-1.4987,5.1331,-0.013,1.3371,2.1888,-14.5686
6.99,1.6849,-1.5015,5.1494,-0.0173,1.3617,2.1332,-15.0694
7,1.6699,-1.4987,5.1655,-0.0218,1.3864,2.0787,-15.5804
7.01,1.6549,-1.5005,5.1814,-0.0264,1.411,2.0255,-16.1022
7.02,1.6399,-1.5005,5.1971,-0.0311,1.4357,1.9736,-16.6345
7.03,1.6249,-1.4995,5.2126,-0.0359,1.4604,1.9229,-17.1777
7.04,1.6099,-1.5004,5.2279,-0.0408,1.4851,1.8735,-17.7324
7.05,1.5949,-1.4995,5.2431,-0.0458,1.5098,1.8252,-18.2987
7.06,1.5799,-1.4994,5.258,-0.0509,1.5345,1.7781,-18.8773
7.07,1.5649,-1.5012,5.2728,-0.0561,1.5593,1.7323,-19.4678
7.08,1.5499,-1.4993,5.2873,-0.0615,1.584,1.6877,-20.0705
7.09,1.5349,-1.4993,5.3017,-0.0669,1.6088,1.6442,-20.6866
7.1,1.5199,-1.5011,5.3159,-0.0724,1.6335,1.602,-21.3155
7.11,1.5049,-1.4992,5.3298,-0.078,1.6583,1.561,-21.9576
7.12,1.4899,-1.5009,5.3436,-0.0838,1.6831,1.5211,-22.6131
7.13,1.4749,-1.499,5.3571,-0.0896,1.7078,1.4824,-23.2825
7.14,1.4599,-1.4999,5.3705,-0.0955,1.7326,1.4448,-23.9665
7.15,1.4449,-1.5007,5.3836,-0.1015,1.7574,1.4085,-24.6644
7.16,1.4299,-1.4997,5.3965,-0.1077,1.7821,1.3732,-25.3767
7.17,1.4149,-1.4996,5.4092,-0.1139,1.8069,1.3391,-26.104
7.18,1.3999,-1.5004,5.4217,-0.1202,1.8316,1.3061,-26.8463
7.19,1.3849,-1.5003,5.434,-0.1266,1.8563,1.2742,-27.6032
7.2,1.3699,-1.4992,5.446,-0.1332,1.881,1.2434,-28.3756
7.21,1.3549,-1.5,5.4579,-0.1398,1.9056,1.2136,-29.1636
7.22,1.3399,-1.5008,5.4695,-0.1464,1.9302,1.185,-29.9666
7.23,1.3249,-1.4988,5.4809,-0.1532,1.9548,1.1574,-30.7852
7.24,1.3099,-1.5005,5.492,-0.1601,1.9794,1.1308,-31.6197
7.25,1.295,-1.4925,5.5029,-0.167,2.0038,1.1053,-32.469
7.26,1.2804,-1.4558,5.5136,-0.1741,2.0283,1.0808,-33.334
7.27,1.2663,-1.4135,5.5241,-0.1812,2.0527,1.0573,-34.2151
7.28,1.2525,-1.3718,5.5344,-0.1884,2.0771,1.0348,-35.112
7.29,1.2393,-1.329,5.5444,-0.1957,2.1014,1.0132,-36.0241
7.3,1.2264,-1.2845,5.5542,-0.2031,2.1257,0.9925,-36.9526
7.31,1.214,-1.243,5.5638,-0.2105,2.1499,0.9727,-37.8975
7.32,1.202,-1.199,5.5731,-0.2181,2.1741,0.9539,-38.8582
7.33,1.1904,-1.1556,5.5823,-0.2257,2.1983,0.9359,-39.8353
7.34,1.1793,-1.112,5.5912,-0.2334,2.2225,0.9187,-40.8286
7.35,1.1686,-1.0683,5.5999,-0.2412,2.2466,0.9024,-41.8381
7.36,1.1584,-1.0238,5.6084,-0.2491,2.2707,0.8869,-42.8641
7.37,1.1486,-0.981,5.6167,-0.257,2.2948,0.8723,-43.906
7.38,1.1392,-0.9357,5.6247,-0.2651,2.3188,0.8584,-44.9634
7.39,1.1303,-0.892,5.6326,-0.2732,2.3428,0.8453,-46.0367
7.4,1.1218,-0.8476,5.6402,-0.2815,2.3668,0.8329,-47.1249
7.41,1.1138,-0.8026,5.6476,-0.2898,2.3908,0.8213,-48.2284
7.42,1.1062,-0.7584,5.6548,-0.2982,2.4148,0.8105,-49.3466
7.43,1.0991,-0.7136,5.6618,-0.3066,2.4388,0.8004,-50.4784
7.44,1.0924,-0.6683,5.6686,-0.3152,2.4627,0.7909,-51.6239
7.45,1.0862,-0.6238,5.6752,-0.3238,2.4866,0.7822,-52.7826
7.46,1.0804,-0.5783,5.6815,-0.3326,2.5105,0.7742,-53.9539
7.47,1.0751,-0.5332,5.6877,-0.3414,2.5344,0.7669,-55.1377
7.48,1.0702,-0.4882,5.6936,-0.3503,2.5583,0.7603,-56.3326
7.49,1.0657,-0.4426,5.6993,-0.3593,2.5822,0.7543,-57.5378
7.5,1.0618,-0.3974,5.7048,-0.3684,2.606,0.749,-58.7524
7.51,1.0583,-0.3516,5.7101,-0.3775,2.6299,0.7443,-59.9756
7.52,1.0552,-0.3063,5.7152,-0.3868,2.6537,0.7404,-61.2064
7.53,1.0526,-0.2605,5.7201,-0.3961,2.6775,0.737,-62.4438
7.54,1.0504,-0.215,5.7247,-0.4055,2.7013,0.7343,-63.6868
7.55,1.0488,-0.1691,5.7292,-0.415,2.7251,0.7323,-64.9344
7.56,1.0475,-0.1234,5.7334,-0.4246,2.7489,0.7309,-66.1862
7.57,1.0467,-0.0776,5.7374,-0.4343,2.7727,0.7301,-67.4405
7.58,1.0464,-0.0318,5.7412,-0.444,2.7964,0.73,-68.6961
7.59,1.0466,0.0141,5.7448,-0.4539,2.8201,0.7305,-69.9519
7.6,1.0472,0.0599,5.7482,-0.4638,2.8438,0.7317,-71.206
7.61,1.0482,0.1057,5.7514,-0.4738,2.8676,0.7335,-72.4588
7.62,1.0497,0.1518,5.7543,-0.4838,2.8912,0.7359,-73.7085
7.63,1.0517,0.1975,5.757,-0.494,2.9149,0.739,-74.9533
7.64,1.0541,0.2433,5.7595,-0.5042,2.9386,0.7427,-76.1935
7.65,1.057,0.2893,5.7618,-0.5146,2.9622,0.7471,-77.4275
7.66,1.0604,0.3351,5.7639,-0.5249,2.9858,0.7522,-78.6534
7.67,1.0651,0.4675,5.7658,-0.5354,2.9684,1.1847,-79.8262
7.68,1.0781,1.3013,5.7676,-0.5461,2.8881,1.1659,-80.5869
7.69,1.0931,1.4993,5.7692,-0.5569,2.8059,1.1473,-81.2683
7.7,1.1081,1.5014,5.7708,-0.5678,2.722,1.1291,-81.9732
7.71,1.1231,1.499,5.7722,-0.579,2.6361,1.1111,-82.7023
7.72,1.1381,1.5002,5.7735,-0.5903,2.5483,1.0936,-83.4572
7.73,1.1531,1.5004,5.7747,-0.6018,2.4586,1.0764,-84.2377
7.74,1.1681,1.4998,5.7757,-0.6134,2.3669,1.0596,-85.0448
7.75,1.1831,1.5001,5.7765,-0.6252,2.2732,1.0432,-85.8794
7.76,1.1981,1.5003,5.7772,-0.6372,2.1775,1.0273,-86.7419
7.77,1.2131,1.499,5.7777,-0.6493,2.0796,1.0119,-87.6336
7.78,1.2248,1.1684,5.778,-0.6615,1.98,0.9971,-88.5534
7.79,1.2186,-0.6145,5.7781,-0.6737,1.88,0.9831,-89.4931
7.8,1.2102,-0.8414,5.778,-0.6858,1.7798,0.9699,-90.4455
7.81,1.2022,-0.7977,5.7777,-0.6978,1.6795,0.9574,-91.4088
7.82,1.1947,-0.7533,5.7772,-0.7098,1.579,0.9458,-92.3826
7.83,1.1876,-0.7093,5.7765,-0.7216,1.4783,0.9349,-93.3668
7.84,1.1809,-0.6654,5.7756,-0.7334,1.3774,0.9248,-94.3612
7.85,1.1747,-0.6214,5.7745,-0.7451,1.2763,0.9154,-95.3651
7.86,1.169,-0.5775,5.7732,-0.7567,1.175,0.9067,-96.378
7.87,1.1636,-0.5335,5.7717,-0.7683,1.0735,0.8988,-97.3994
7.88,1.1587,-0.4896,5.77,-0.7797,0.9718,0.8916,-98.4287
7.89,1.1543,-0.4454,5.7681,-0.7911,0.8698,0.885,-99.4657
7.9,1.1503,-0.4019,5.766,-0.8024,0.7677,0.8792,-100.5092
7.91,1.1467,-0.3576,5.7637,-0.8136,0.6653,0.8741,-101.5587
7.92,1.1435,-0.3137,5.7612,-0.8248,0.5626,0.8696,-102.6144
7.93,1.1408,-0.2699,5.7586,-0.8359,0.4597,0.8659,-103.6751
7.94,1.1386,-0.2259,5.7557,-0.8469,0.3566,0.8628,-104.7394
7.95,1.1368,-0.1818,5.7526,-0.8578,0.2532,0.8603,-105.8072
7.96,1.1354,-0.1378,5.7493,-0.8687,0.1495,0.8586,-106.8781
7.97,1.1344,-0.0938,5.7458,-0.8795,0.0456,0.8575,-107.9509
7.98,1.134,-0.0497,5.7421,-0.8902,-0.0586,0.8571,-109.0247
7.99,1.1339,-0.0056,5.7382,-0.9009,-0.1631,0.8573,-110.0992
8,1.1343,0.0386,5.7341,-0.9114,-0.2679,0.8583,-111.1736
8.01,1.1351,0.0828,5.7298,-0.9219,-0.373,0.8598,-112.2471
8.02,1.1364,0.1271,5.7253,-0.9324,-0.4783,0.8621,-113.3183
8.03,1.1381,0.1713,5.7206,-0.9427,-0.584,0.865,-114.387
8.04,1.1403,0.2158,5.7157,-0.953,-0.69,0.8687,-115.4528
8.05,1.1429,0.2604,5.7106,-0.9633,-0.7962,0.873,-116.514
8.06,1.1459,0.3047,5.7053,-0.9734,-0.9028,0.878,-117.5702
8.07,1.1494,0.3494,5.6998,-0.9835,-1.0098,0.8836,-118.6217
8.08,1.1533,0.3943,5.6941,-0.9935,-1.1171,0.8901,-119.6672
8.09,1.1577,0.4392,5.6881,-1.0035,-1.2247,0.8972,-120.7056
8.1,1.1626,0.4839,5.682,-1.0134,-1.3327,0.905,-121.7366
8.11,1.1679,0.5293,5.6757,-1.0232,-1.441,0.9136,-122.7596
8.12,1.1736,0.5743,5.6692,-1.033,-1.5497,0.923,-123.774
8.13,1.1798,0.6196,5.6625,-1.0426,-1.6588,0.9331,-124.7795
8.14,1.1865,0.6652,5.6555,-1.0523,-1.7683,0.944,-125.7756
8.15,1.1936,0.7112,5.6484,-1.0618,-1.8781,0.9556,-126.7613
8.16,1.2011,0.7564,5.641,-1.0713,-1.9884,0.9681,-127.7366
8.17,1.2092,0.8025,5.6335,-1.0808,-2.0992,0.9814,-128.7017
8.18,1.2176,0.8495,5.6257,-1.0901,-2.2103,0.9956,-129.6555
8.19,1.2266,0.8953,5.6177,-1.0995,-2.3219,1.0106,-130.5974
8.2,1.236,0.942,5.6095,-1.1087,-2.434,1.0265,-131.5279
8.21,1.2459,0.9891,5.6011,-1.1179,-2.5466,1.0434,-132.4466
8.22,1.2563,1.0364,5.5925,-1.127,-2.6597,1.0611,-133.3532
8.23,1.2671,1.0845,5.5837,-1.1361,-2.7732,1.0798,-134.247
8.24,1.2784,1.1314,5.5746,-1.1451,-2.8873,1.0995,-135.128
8.25,1.2902,1.1797,5.5653,-1.1541,-3.002,1.1203,-135.9969
8.26,1.3025,1.2288,5.5558,-1.163,-3.1172,1.142,-136.8529
8.27,1.3153,1.2773,5.5461,-1.1719,-3.233,1.1648,-137.6959
8.28,1.3286,1.3268,5.5361,-1.1807,-3.3494,1.1888,-138.526
8.29,1.3423,1.3767,5.5259,-1.1894,-3.4664,1.2139,-139.3431
8.3,1.3566,1.4264,5.5155,-1.1981,-3.5841,1.2401,-140.1473
8.31,1.3714,1.4761,5.5049,-1.2067,-3.7024,1.2676,-140.9386
8.32,1.3863,1.499,5.494,-1.2153,-3.8214,1.2964,-141.7167
8.33,1.4013,1.4996,5.4829,-1.2239,-3.9411,1.3264,-142.482
8.34,1.4163,1.5008,5.4715,-1.2323,-4.0613,1.3577,-143.2337
8.35,1.4313,1.5,5.46,-1.2407,-4.1821,1.3904,-143.9715
8.36,1.4463,1.4993,5.4482,-1.2491,-4.3036,1.4245,-144.696
8.37,1.4614,1.5004,5.4361,-1.2574,-4.4256,1.46,-145.407
8.38,1.4763,1.5003,5.4239,-1.2656,-4.5481,1.4969,-146.1038
8.39,1.4913,1.4996,5.4114,-1.2738,-4.6712,1.5354,-146.7869
8.4,1.5063,1.5001,5.3987,-1.2819,-4.7948,1.5754,-147.4563
8.41,1.5212,1.4883,5.3858,-1.2899,-4.9189,1.6169,-148.1119
8.42,1.5187,-0.2539,5.3728,-1.2978,-5.0421,1.6596,-148.7503
8.43,1.5037,-1.5,5.3599,-1.3055,-5.1634,1.7031,-149.3658
8.44,1.4887,-1.5002,5.347,-1.3129,-5.2828,1.7472,-149.957
8.45,1.4737,-1.5004,5.3341,-1.3202,-5.4003,1.792,-150.5247
8.46,1.4587,-1.4993,5.3214,-1.3273,-5.5161,1.8375,-151.0705
8.47,1.4437,-1.5008,5.3087,-1.3341,-5.63,1.8836,-151.5951
8.48,1.4287,-1.4997,5.2961,-1.3408,-5.7422,1.9304,-152.0995
8.49,1.4137,-1.4998,5.2835,-1.3473,-5.8527,1.9778,-152.5849
8.5,1.3987,-1.5,5.271,-1.3537,-5.9615,2.0258,-153.0521
8.51,1.3837,-1.5002,5.2587,-1.3598,-6.0686,2.0743,-153.5017
8.52,1.3687,-1.4997,5.2464,-1.3658,-6.1741,2.1234,-153.9346
8.53,1.3537,-1.5006,5.2342,-1.3717,-6.2779,2.1729,-154.3515
8.54,1.3387,-1.4993,5.222,-1.3774,-6.3802,2.223,-154.7532
8.55,1.3237,-1.501,5.21,-1.383,-6.4808,2.2735,-155.1403
8.56,1.3087,-1.4989,5.1981,-1.3884,-6.58,2.3244,-155.5135
8.57,1.2937,-1.5006,5.1863,-1.3937,-6.6776,2.3759,-155.8735
8.58,1.2787,-1.5,5.1746,-1.3988,-6.7737,2.4277,-156.2206
8.59,1.2637,-1.5001,5.163,-1.4039,-6.8683,2.4798,-156.5555
8.6,1.2487,-1.5003,5.1515,-1.4088,-6.9614,2.5324,-156.8786
8.61,1.2349,-1.3758,5.1401,-1.4135,-6.9377,1.0079,-157.2957
8.62,1.2251,-0.9851,5.1288,-1.4181,-6.8305,0.9934,-158.1744
8.63,1.2164,-0.8701,5.1174,-1.4224,-6.7228,0.9795,-159.1186
8.64,1.208,-0.8356,5.1061,-1.4265,-6.615,0.9664,-160.0739
8.65,1.2,-0.799,5.0947,-1.4304,-6.5068,0.9539,-161.0402
8.66,1.1924,-0.764,5.0834,-1.4341,-6.3983,0.942,-162.0177
8.67,1.1851,-0.7284,5.072,-1.4376,-6.2895,0.9308,-163.0055
8.68,1.1782,-0.693,5.0607,-1.4408,-6.1804,0.9202,-164.0033
8.69,1.1716,-0.6571,5.0494,-1.4439,-6.071,0.9102,-165.0114
8.7,1.1654,-0.6221,5.0381,-1.4467,-5.9612,0.9008,-166.0293
8.71,1.1595,-0.5864,5.0268,-1.4493,-5.851,0.892,-167.0568
8.72,1.154,-0.5514,5.0155,-1.4517,-5.7406,0.8838,-168.0932
8.73,1.1488,-0.5158,5.0042,-1.4538,-5.6297,0.8761,-169.1382
8.74,1.144,-0.481,4.9929,-1.4558,-5.5185,0.8691,-170.1913
8.75,1.1396,-0.4456,4.9817,-1.4575,-5.4069,0.8626,-171.252
8.76,1.1355,-0.4107,4.9704,-1.459,-5.2949,0.8566,-172.3204
8.77,1.1317,-0.376,4.9592,-1.4603,-5.1827,0.8512,-173.3952
8.78,1.1283,-0.3408,4.9479,-1.4614,-5.0698,0.8463,-174.4766
8.79,1.1252,-0.3066,4.9367,-1.4623,-4.9567,0.842,-175.564
8.8,1.1225,-0.2719,4.9255,-1.4629,-4.8432,0.8382,-176.6561
8.81,1.1201,-0.2376,4.9143,-1.4634,-4.7292,0.8349,-177.7529
8.82,1.1181,-0.2035,4.9031,-1.4636,-4.6148,0.8321,-178.8539
8.83,1.1164,-0.1695,4.892,-1.4636,-4.5,0.8298,-179.9583
8.84,1.1151,-0.1357,4.8808,-1.4634,-4.3848,0.8281,178.9346
8.85,1.114,-0.1022,4.8697,-1.463,-4.2692,0.8268,177.8252
8.86,1.1133,-0.0689,4.8586,-1.4623,-4.1531,0.826,176.7144
8.87,1.113,-0.0358,4.8475,-1.4615,-4.0365,0.8257,175.6022
8.88,1.113,-0.003,4.8364,-1.4604,-3.9196,0.8259,174.4897
8.89,1.1132,0.0295,4.8254,-1.4591,-3.8021,0.8266,173.3778
8.9,1.1139,0.0616,4.8143,-1.4576,-3.6842,0.8278,172.2664
8.91,1.1148,0.0934,4.8033,-1.4559,-3.5659,0.8294,171.1569
8.92,1.116,0.1248,4.7923,-1.454,-3.4471,0.8315,170.0491
8.93,1.1176,0.1559,4.7813,-1.4518,-3.3278,0.834,168.9437
8.94,1.1195,0.1865,4.7704,-1.4495,-3.208,0.837,167.8413
8.95,1.1216,0.2169,4.7595,-1.4469,-3.0878,0.8405,166.7432
8.96,1.1241,0.2462,4.7486,-1.4441,-2.967,0.8444,165.6492
8.97,1.1269,0.2757,4.7377,-1.4411,-2.8458,0.8488,164.5593
8.98,1.1299,0.3043,4.7269,-1.4379,-2.7241,0.8536,163.4752
8.99,1.1332,0.3322,4.7161,-1.4345,-2.6019,0.8588,162.3969
9,1.1368,0.3597,4.7053,-1.4308,-2.4791,0.8644,161.3241
9.01,1.1407,0.3867,4.6946,-1.427,-2.3559,0.8705,160.258
9.02,1.1448,0.4126,4.6839,-1.4229,-2.2322,0.877,159.1989
9.03,1.1492,0.438,4.6732,-1.4187,-2.1078,0.8839,158.1466
9.04,1.1538,0.4626,4.6626,-1.4142,-1.983,0.8912,157.1015
9.05,1.1587,0.4867,4.652,-1.4095,-1.8577,0.8989,156.0644
9.06,1.1638,0.5091,4.6414,-1.4046,-1.7317,0.907,155.0352
9.07,1.1691,0.5317,4.6309,-1.3994,-1.6052,0.9154,154.014
9.08,1.1746,0.5525,4.6205,-1.3941,-1.4783,0.9242,153.0017
9.09,1.1803,0.5723,4.6101,-1.3886,-1.3506,0.9334,151.9974
9.1,1.1863,0.5917,4.5997,-1.3828,-1.2223,0.9429,151.0013
9.11,1.1924,0.61,4.5894,-1.3768,-1.0937,0.9527,150.0145
9.12,1.1986,0.6261,4.5791,-1.3707,-0.9643,0.9629,149.0367
9.13,1.205,0.642,4.5689,-1.3643,-0.8344,0.9733,148.0674
9.14,1.2116,0.6559,4.5587,-1.3577,-0.7038,0.984,147.1067
9.15,1.2183,0.6696,4.5486,-1.3509,-0.5727,0.995,146.1553
9.16,1.2251,0.6801,4.5385,-1.3439,-0.4409,1.0062,145.2125
9.17,1.232,0.6913,4.5285,-1.3368,-0.3086,1.0176,144.2783
9.18,1.239,0.6991,4.5186,-1.3294,-0.1756,1.0292,143.3533
9.19,1.2461,0.7065,4.5087,-1.3218,-0.042,1.041,142.4369
9.2,1.2532,0.7115,4.4989,-1.314,0.0923,1.0529,141.529
9.21,1.2603,0.7151,4.4891,-1.306,0.2272,1.065,140.6291
9.22,1.2675,0.7173,4.4794,-1.2978,0.3627,1.0771,139.7375
9.23,1.2747,0.7173,4.4698,-1.2894,0.4988,1.0893,138.8544
9.24,1.2818,0.715,4.4603,-1.2808,0.6356,1.1015,137.9794
9.25,1.2889,0.7115,4.4509,-1.272,0.7729,1.1137,137.1121
9.26,1.296,0.7049,4.4415,-1.2631,0.9111,1.1258,136.252
9.27,1.303,0.698,4.4322,-1.2539,1.0497,1.1378,135.3993
9.28,1.3098,0.6871,4.4231,-1.2446,1.189,1.1497,134.5542
9.29,1.3166,0.6748,4.414,-1.2351,1.329,1.1615,133.7155
9.3,1.3232,0.6605,4.405,-1.2254,1.4696,1.173,132.8834
9.31,1.3296,0.6432,4.396,-1.2155,1.6108,1.1842,132.0577
9.32,1.3359,0.6243,4.3872,-1.2055,1.7527,1.1951,131.2379
9.33,1.3419,0.6026,4.3785,-1.1953,1.895,1.2057,130.4242
9.34,1.3477,0.5783,4.3699,-1.1849,2.0381,1.2159,129.6159
9.35,1.3532,0.5521,4.3615,-1.1743,2.1818,1.2256,128.8125
9.36,1.3584,0.5232,4.3531,-1.1636,2.326,1.2348,128.0142
9.37,1.3633,0.4919,4.3449,-1.1528,2.4707,1.2434,127.2204
9.38,1.3679,0.4578,4.3367,-1.1418,2.616,1.2515,126.4308
9.39,1.3623,-0.5635,4.3288,-1.1307,2.7609,1.2588,125.6476
9.4,1.3473,-1.5003,4.3211,-1.1196,2.9043,1.2653,124.8759
9.41,1.3323,-1.5004,4.3136,-1.1086,3.0461,1.271,124.1181
9.42,1.3173,-1.4998,4.3064,-1.0976,3.1865,1.276,123.3731
9.43,1.3023,-1.4999,4.2993,-1.0866,3.3256,1.2801,122.6398
9.44,1.2873,-1.5,4.2925,-1.0757,3.4632,1.2834,121.9178
9.45,1.2723,-1.5001,4.2859,-1.0648,3.5994,1.2859,121.2065
9.46,1.2573,-1.5002,4.2796,-1.054,3.7342,1.2875,120.5052
9.47,1.2423,-1.4995,4.2734,-1.0432,3.8678,1.2884,119.8132
9.48,1.2273,-1.5003,4.2674,-1.0325,3.9999,1.2884,119.1299
9.49,1.2123,-1.5004,4.2616,-1.0218,4.1307,1.2876,118.4553
9.5,1.1973,-1.4997,4.2561,-1.0113,4.2602,1.286,117.7885
9.51,1.1823,-1.4997,4.2507,-1.0007,4.3884,1.2837,117.1287
9.52,1.1673,-1.5006,4.2455,-0.9903,4.5153,1.2806,116.4758
9.53,1.1523,-1.4998,4.2404,-0.9799,4.6409,1.2768,115.8296
9.54,1.1373,-1.4999,4.2356,-0.9696,4.7652,1.2722,115.1892
9.55,1.1223,-1.4999,4.2309,-0.9594,4.8882,1.267,114.5543
9.56,1.1073,-1.5,4.2264,-0.9493,5.01,1.2611,113.9246
9.57,1.0923,-1.5009,4.2221,-0.9393,5.1304,1.2546,113.3
9.58,1.0773,-1.4992,4.218,-0.9293,5.2497,1.2475,112.68
9.59,1.0623,-1.5001,4.214,-0.9195,5.3677,1.2397,112.0638
9.6,1.0473,-1.5001,4.2101,-0.9097,5.4845,1.2315,111.4516
9.61,1.0323,-1.5001,4.2065,-0.9001,5.6,1.2227,110.8431
9.62,1.0173,-1.5001,4.203,-0.8905,5.7142,1.2134,110.2379
9.63,1.0023,-1.4992,4.1996,-0.8811,5.8274,1.2037,109.6357
9.64,0.9873,-1.501,4.1964,-0.8718,5.9391,1.1935,109.0363
9.65,0.9723,-1.4992,4.1933,-0.8625,6.0497,1.183,108.4398
9.66,0.9573,-1.501,4.1904,-0.8534,6.1589,1.1721,107.8457
9.67,0.9423,-1.4991,4.1876,-0.8444,6.267,1.1609,107.2541
9.68,0.9273,-1.5,4.1849,-0.8355,6.3738,1.1494,106.6643
9.69,0.9123,-1.5,4.1824,-0.8268,6.4793,1.1376,106.0765
9.7,0.8973,-1.501,4.18,-0.8181,6.5835,1.1256,105.4909
9.71,0.8823,-1.4989,4.1777,-0.8096,6.6865,1.1134,104.9072
9.72,0.8673,-1.4999,4.1756,-0.8012,6.7883,1.1011,104.3247
9.73,0.8523,-1.5008,4.1735,-0.7929,6.8887,1.0886,103.7442
9.74,0.8373,-1.4997,4.1716,-0.7848,6.9878,1.076,103.1654
9.75,0.8338,-0.3487,4.1699,-0.7766,6.9632,0.4721,101.9309
9.76,0.8486,1.4777,4.1685,-0.7683,6.9214,0.491,99.7495
9.77,0.8636,1.4993,4.1673,-0.7597,6.8799,0.5115,97.6924
9.78,0.8786,1.5001,4.1664,-0.751,6.8387,0.5339,95.7647
9.79,0.8936,1.5,4.1658,-0.742,6.7977,0.558,93.9592
9.8,0.9086,1.5011,4.1655,-0.733,6.7572,0.5838,92.269
9.81,0.9236,1.4989,4.1653,-0.7237,6.7169,0.6114,90.6846
9.82,0.9386,1.5001,4.1655,-0.7143,6.6768,0.6408,89.1971
9.83,0.9536,1.5003,4.1658,-0.7048,6.6371,0.672,87.8004
9.84,0.9686,1.5005,4.1664,-0.6951,6.5977,0.705,86.4879
9.85,0.9836,1.4996,4.1673,-0.6853,6.5585,0.7399,85.2521
9.86,0.9986,1.4998,4.1683,-0.6754,6.5196,0.7765,84.0865
9.87,1.0136,1.5,4.1695,-0.6653,6.4809,0.815,82.9859
9.88,1.0286,1.5003,4.171,-0.6552,6.4424,0.8552,81.9455
9.89,1.0436,1.5005,4.1726,-0.6449,6.4042,0.8973,80.9609
9.9,1.0586,1.4984,4.1744,-0.6344,6.3661,0.9412,80.0266
9.91,1.0736,1.501,4.1765,-0.6239,6.3282,0.9869,79.1391
9.92,1.0886,1.5001,4.1787,-0.6132,6.2906,1.0344,78.2958
9.93,1.1036,1.4991,4.1811,-0.6025,6.253,1.0838,77.4924
9.94,1.1186,1.5005,4.1836,-0.5916,6.2156,1.1348,76.7261
9.95,1.1336,1.5008,4.1864,-0.5806,6.1784,1.1876,75.9952
9.96,1.1486,1.4986,4.1893,-0.5695,6.1413,1.2422,75.296
9.97,1.1636,1.5012,4.1924,-0.5583,6.1043,1.2985,74.6267
9.98,1.1786,1.499,4.1956,-0.5469,6.0674,1.3565,73.9852
9.99,1.1936,1.5004,4.199,-0.5355,6.0306,1.4161,73.3695
10,1.2086,1.4993,4.2026,-0.5239,5.9939,1.4775,72.7778
10.01,1.2236,1.5008,4.2063,-0.5123,5.9573,1.5405,72.2089
10.02,1.2386,1.4997,4.2102,-0.5005,5.9208,1.605,71.6612
10.03,1.2536,1.4999,4.2143,-0.4887,5.8843,1.6711,71.1333
10.04,1.2686,1.5,4.2185,-0.4767,5.8479,1.7388,70.6238
10.05,1.2836,1.5002,4.2229,-0.4646,5.8115,1.8079,70.1319
10.06,1.2986,1.4991,4.2274,-0.4524,5.7752,1.8785,69.6561
10.07,1.3136,1.5017,4.232,-0.4402,5.7389,1.9504,69.1959
10.08,1.3286,1.4981,4.2369,-0.4278,5.7026,2.0237,68.7502
10.09,1.3436,1.5007,4.2418,-0.4153,5.6664,2.0983,68.3177
10.1,1.3586,1.5009,4.2469,-0.4027,5.6302,2.1741,67.8985
10.11,1.3736,1.4985,4.2522,-0.39,5.594,2.2512,67.4913
10.12,1.3886,1.4999,4.2576,-0.3772,5.5577,2.3294,67.0951
10.13,1.4036,1.5013,4.2632,-0.3644,5.5215,2.4086,66.7099
10.14,1.4186,1.4989,4.2688,-0.3514,5.4853,2.4889,66.335
10.15,1.4336,1.5002,4.2747,-0.3383,5.4491,2.5701,65.9695
10.16,1.4486,1.5003,4.2807,-0.3251,5.4128,2.652,65.6132
10.17,1.4636,1.4992,4.2868,-0.3118,5.3765,2.7349,65.2655
10.18,1.4786,1.5006,4.2931,-0.2984,5.3402,2.8184,64.9258
10.19,1.4936,1.5007,4.2995,-0.2849,5.3039,2.9024,64.5942
10.2,1.5086,1.4983,4.306,-0.2713,5.2675,2.9872,64.2696
10.21,1.5236,1.5009,4.3127,-0.2576,5.2311,3.0723,63.9517
10.22,1.5386,1.501,4.3195,-0.2438,5.1947,3.1577,63.6408
10.23,1.5536,1.4986,4.3265,-0.23,5.1581,3.2435,63.336
10.24,1.5686,1.4999,4.3336,-0.216,5.1215,3.3295,63.0368
10.25,1.5836,1.5012,4.3409,-0.2019,5.0849,3.4154,62.7434
10.26,1.5986,1.4989,4.3483,-0.1877,5.0482,3.5014,62.4553
10.27,1.6136,1.5002,4.3558,-0.1735,5.0114,3.5872,62.172
10.28,1.6286,1.5003,4.3635,-0.1591,4.9746,3.6728,61.8935
10.29,1.6436,1.4991,4.3713,-0.1446,4.9376,3.7581,61.6193
10.3,1.6586,1.5004,4.3792,-0.1301,4.9006,3.8429,61.3493
10.31,1.6736,1.5005,4.3873,-0.1154,4.8635,3.927,61.0835
10.32,1.6886,1.4994,4.3956,-0.1007,4.8263,4.0106,60.8215
10.33,1.7036,1.4995,4.4039,-0.0858,4.789,4.0933,60.5627
10.34,1.7186,1.5008,4.4124,-0.0709,4.7516,4.1749,60.3074
10.35,1.7336,1.4997,4.4211,-0.0559,4.7141,4.2556,60.0553
10.36,1.7486,1.4998,4.4299,-0.0408,4.6765,4.3352,59.8061
10.37,1.7636,1.501,4.4388,-0.0256,4.6388,4.4132,59.5597
10.38,1.7786,1.4987,4.4479,-0.0103,4.601,4.49,59.3159
10.39,1.7936,1.5,4.4571,0.0051,4.563,4.5651,59.0743
10.4,1.8086,1.5001,4.4665,0.0206,4.5249,4.6387,58.8349
10.41,1.8236,1.5002,4.476,0.0362,4.4867,4.7101,58.5977
10.42,1.8386,1.5003,4.4856,0.0518,4.4483,4.7799,58.3624
10.43,1.8536,1.4992,4.4954,0.0675,4.4098,4.8474,58.1287
10.44,1.8686,1.5005,4.5053,0.0834,4.3712,4.9128,57.8966
10.45,1.8836,1.5005,4.5154,0.0993,4.3324,4.9756,57.6661
10.46,1.8986,1.4983,4.5256,0.1153,4.2934,5.0362,57.4367
10.47,1.9136,1.5019,4.536,0.1314,4.2543,5.0941,57.2084
10.48,1.9285,1.4985,4.5465,0.1475,4.215,5.1493,56.9811
10.49,1.9436,1.4998,4.5572,0.1638,4.1756,5.2017,56.7545
10.5,1.9586,1.501,4.568,0.1801,4.136,5.2509,56.5286
10.51,1.9735,1.5,4.5789,0.1965,4.0962,5.2971,56.3033
10.52,1.9885,1.499,4.59,0.213,4.0562,5.3401,56.0783
10.53,2.0036,1.5002,4.6013,0.2296,4.016,5.3796,55.8534
10.54,2.0186,1.5003,4.6126,0.2463,3.9756,5.4158,55.6286
10.55,2.0335,1.5004,4.6242,0.263,3.935,5.4484,55.4039
10.56,2.0485,1.4994,4.6359,0.2798,3.8942,5.4772,55.1789
10.57,2.0635,1.4995,4.6477,0.2967,3.8532,5.5023,54.9533
10.58,2.0785,1.5007,4.6597,0.3137,3.812,5.5236,54.7273
10.59,2.0935,1.4998,4.6719,0.3307,3.7705,5.5407,54.5006
10.6,2.1085,1.4999,4.6842,0.3479,3.7288,5.5539,54.273
10.61,2.1235,1.4989,4.6967,0.3651,3.6868,5.5631,54.0441
10.62,2.1385,1.5012,4.7093,0.3823,3.6446,5.5678,53.8141
10.63,2.1535,1.4992,4.7221,0.3997,3.6021,5.5683,53.5828
10.64,2.1686,1.5004,4.735,0.4171,3.5594,5.5643,53.3498
10.65,2.1835,1.5005,4.7481,0.4345,3.5165,5.556,53.1152
10.66,2.1985,1.4986,4.7614,0.4521,3.4731,5.5432,52.8784
10.67,2.2135,1.5008,4.7748,0.4696,3.4296,5.526,52.6395
10.68,2.2285,1.5,4.7884,0.4873,3.3857,5.5042,52.3982
10.69,2.2435,1.4991,4.8022,0.505,3.3415,5.4778,52.1542
10.7,2.2585,1.5013,4.8161,0.5228,3.297,5.4467,51.9074
10.71,2.2626,0.4056,4.8302,0.5405,3.2524,5.4113,51.6581
10.72,2.2479,-1.4679,4.8442,0.5581,3.208,5.3717,51.4075
10.73,2.2329,-1.501,4.8582,0.5755,3.1639,5.3286,51.1568
10.74,2.2179,-1.4991,4.8722,0.5927,3.12,5.2814,50.9056
10.75,2.2029,-1.5003,4.8862,0.6097,3.0763,5.2308,50.6537
10.76,2.1879,-1.5004,4.9001,0.6266,3.0329,5.1769,50.4011
10.77,2.1729,-1.4995,4.914,0.6433,2.9896,5.12,50.1474
10.78,2.1579,-1.4997,4.9279,0.6598,2.9465,5.06,49.8924
10.79,2.1429,-1.5008,4.9418,0.6761,2.9037,4.9971,49.636
10.8,2.1279,-1.4999,4.9557,0.6923,2.861,4.9315,49.3782
10.81,2.1129,-1.5,4.9695,0.7082,2.8185,4.8636,49.1185
10.82,2.0979,-1.5002,4.9833,0.724,2.7762,4.7934,48.857
10.83,2.0829,-1.4992,4.9971,0.7397,2.7341,4.7208,48.5931
10.84,2.0679,-1.5004,5.0108,0.7551,2.6921,4.6463,48.3268
10.85,2.0529,-1.5005,5.0245,0.7704,2.6502,4.5701,48.0581
10.86,2.0379,-1.5006,5.0382,0.7855,2.6086,4.4922,47.7869
10.87,2.0229,-1.4986,5.0519,0.8004,2.567,4.4127,47.5125
10.88,2.0079,-1.5009,5.0655,0.8151,2.5256,4.3319,47.2348
10.89,1.9929,-1.4999,5.0791,0.8297,2.4843,4.2498,46.9539
10.9,1.9779,-1.5,5.0927,0.8441,2.4432,4.1667,46.6693
10.91,1.9629,-1.5001,5.1062,0.8583,2.4021,4.0826,46.3808
10.92,1.9479,-1.5002,5.1197,0.8723,2.3612,3.9976,46.0883
10.93,1.9329,-1.4992,5.1332,0.8862,2.3204,3.912,45.7914
10.94,1.9179,-1.5004,5.1467,0.8999,2.2796,3.826,45.4898
10.95,1.9029,-1.5005,5.1601,0.9134,2.239,3.7394,45.1835
10.96,1.8879,-1.4995,5.1735,0.9267,2.1984,3.6526,44.872
10.97,1.8729,-1.5008,5.1868,0.9398,2.158,3.5656,44.5552
10.98,1.8579,-1.4998,5.2001,0.9528,2.1176,3.4786,44.2327
10.99,1.8429,-1.4999,5.2134,0.9655,2.0773,3.3915,43.9042
11,1.8279,-1.5,5.2266,0.9781,2.037,3.3047,43.5692
11.01,1.8129,-1.499,5.2399,0.9906,1.9968,3.2179,43.2272
11.02,1.7979,-1.5013,5.253,1.0028,1.9566,3.1317,42.8781
11.03,1.7829,-1.5003,5.2662,1.0149,1.9166,3.0459,42.522
11.04,1.7679,-1.4993,5.2793,1.0267,1.8765,2.9606,42.1579
11.05,1.7529,-1.5005,5.2923,1.0384,1.8365,2.8759,41.7854
11.06,1.7379,-1.4995,5.3054,1.0499,1.7964,2.792,41.4042
11.07,1.7229,-1.4996,5.3184,1.0612,1.7564,2.7087,41.0136
11.08,1.7079,-1.5009,5.3314,1.0723,1.7165,2.6264,40.6133
11.09,1.6929,-1.4999,5.3443,1.0832,1.6765,2.545,40.203
11.1,1.6779,-1.5,5.3572,1.094,1.6365,2.4646,39.7818
11.11,1.6629,-1.5001,5.37,1.1045,1.5966,2.3852,39.3492
11.12,1.6479,-1.4991,5.3829,1.1149,1.5566,2.307,38.9043
11.13,1.6329,-1.5015,5.3956,1.125,1.5166,2.23,38.4468
11.14,1.6179,-1.4983,5.4084,1.135,1.4765,2.1541,37.9758
11.15,1.6029,-1.5018,5.4211,1.1447,1.4365,2.0797,37.4905
11.16,1.5879,-1.4986,5.4338,1.1543,1.3964,2.0065,36.9903
11.17,1.5729,-1.5009,5.4464,1.1636,1.3562,1.9348,36.4739
11.18,1.5579,-1.5,5.4591,1.1728,1.316,1.8645,35.9409
11.19,1.5429,-1.499,5.4716,1.1817,1.2757,1.7956,35.3896
11.2,1.5279,-1.5014,5.4842,1.1904,1.2354,1.7283,34.8194
11.21,1.5129,-1.4993,5.4967,1.199,1.1949,1.6625,34.2292
11.22,1.4979,-1.4995,5.5092,1.2073,1.1544,1.5983,33.6172
11.23,1.4829,-1.5007,5.5216,1.2153,1.1138,1.5357,32.9824
11.24,1.4679,-1.4998,5.534,1.2232,1.073,1.4748,32.3235
11.25,1.4529,-1.5,5.5464,1.2308,1.0322,1.4155,31.6388
11.26,1.438,-1.4906,5.5587,1.2382,0.9772,1.7098,30.9305
11.27,1.4444,0.6433,5.5712,1.2455,0.8713,1.7761,30.3176
11.28,1.4594,1.4996,5.5838,1.2527,0.7656,1.8423,29.7716
11.29,1.4744,1.5,5.5967,1.2599,0.6601,1.9083,29.2428
11.3,1.4894,1.4995,5.6098,1.2671,0.5547,1.9739,28.7297
11.31,1.5044,1.5005,5.623,1.2742,0.4496,2.0391,28.2313
11.32,1.5194,1.5,5.6365,1.2813,0.3445,2.1035,27.7464
11.33,1.5344,1.4995,5.6501,1.2883,0.2395,2.1672,27.2737
11.34,1.5494,1.5005,5.6639,1.2953,0.1345,2.2297,26.8122
11.35,1.5644,1.4992,5.678,1.3022,0.0295,2.291,26.3609
11.36,1.5794,1.501,5.6922,1.3091,-0.0755,2.351,25.9191
11.37,1.5944,1.4989,5.7066,1.316,-0.1806,2.4095,25.4858
11.38,1.6094,1.5007,5.7211,1.3228,-0.2858,2.4663,25.0602
11.39,1.6244,1.4993,5.7359,1.3296,-0.3912,2.5211,24.6417
11.4,1.6394,1.5003,5.7509,1.3363,-0.4967,2.5741,24.2295
11.41,1.6544,1.4998,5.766,1.343,-0.6024,2.6247,23.823
11.42,1.6694,1.5,5.7813,1.3496,-0.7083,2.6731,23.4215
11.43,1.6844,1.5002,5.7968,1.3562,-0.8145,2.7189,23.0245
11.44,1.6994,1.4996,5.8125,1.3628,-0.9209,2.7621,22.6314
11.45,1.7144,1.5006,5.8284,1.3693,-1.0276,2.8026,22.2418
11.46,1.7294,1.4992,5.8444,1.3757,-1.1348,2.84,21.8549
11.47,1.7444,1.5002,5.8607,1.3821,-1.2422,2.8745,21.4702
11.48,1.7594,1.5004,5.8771,1.3884,-1.35,2.9057,21.0874
11.49,1.7744,1.4991,5.8937,1.3947,-1.4584,2.9337,20.7058
11.5,1.7894,1.5008,5.9104,1.4009,-1.5671,2.9584,20.325
11.51,1.8044,1.4995,5.9274,1.4071,-1.6763,2.9794,19.9446
11.52,1.8194,1.4997,5.9445,1.4132,-1.7861,2.9969,19.5638
11.53,1.8344,1.4999,5.9619,1.4192,-1.8964,3.0108,19.1822
11.54,1.8494,1.5009,5.9794,1.4251,-2.0072,3.0211,18.7996
11.55,1.8644,1.4989,5.9971,1.431,-2.1187,3.0273,18.4153
11.56,1.8794,1.5006,6.0149,1.4368,-2.2308,3.0298,18.0287
11.57,1.8944,1.5,6.033,1.4426,-2.3436,3.0283,17.6395
11.58,1.9094,1.4995,6.0512,1.4482,-2.4571,3.0229,17.2469
11.59,1.9206,1.1184,6.0696,1.4538,-2.5712,3.0138,16.8507
11.6,1.9093,-1.1317,6.0879,1.4592,-2.6843,3.0007,16.4533
11.61,1.8943,-1.4996,6.1061,1.4645,-2.7967,2.9842,16.0568
11.62,1.8793,-1.4998,6.1242,1.4695,-2.9081,2.9645,15.6609
11.63,1.8643,-1.5008,6.1422,1.4744,-3.0185,2.9415,15.2655
11.64,1.8493,-1.4996,6.1601,1.4792,-3.1282,2.9155,14.8699
11.65,1.8343,-1.4998,6.1779,1.4838,-3.2371,2.8867,14.4734
11.66,1.8193,-1.5008,6.1955,1.4882,-3.3451,2.8554,14.0761
11.67,1.8043,-1.4994,6.213,1.4925,-3.4525,2.8215,13.6772
11.68,1.7893,-1.5004,6.2304,1.4966,-3.5591,2.7855,13.2764
11.69,1.7743,-1.5006,6.2477,1.5005,-3.6649,2.7473,12.8735
11.7,1.7593,-1.4992,6.2649,1.5043,-3.7702,2.7072,12.4678
11.71,1.7443,-1.5002,6.282,1.508,-3.8748,2.6654,12.0589
11.72,1.7293,-1.4996,6.2989,1.5115,-3.9788,2.622,11.6463
11.73,1.7143,-1.5005,6.3157,1.5148,-4.0822,2.5771,11.2298
11.74,1.6993,-1.5007,6.3324,1.518,-4.185,2.531,10.8093
11.75,1.6843,-1.4993,6.349,1.521,-4.2873,2.4838,10.384
11.76,1.6693,-1.5002,6.3654,1.5239,-4.389,2.4356,9.9534
11.77,1.6543,-1.4996,6.3817,1.5266,-4.4903,2.3865,9.5171
11.78,1.6393,-1.5005,6.3979,1.5292,-4.5911,2.3367,9.0748
11.79,1.6243,-1.4998,6.414,1.5317,-4.6914,2.2864,8.6262
11.8,1.6093,-1.5,6.4299,1.5339,-4.7913,2.2355,8.1706
11.81,1.5943,-1.5009,6.4457,1.5361,-4.8906,2.1844,7.7079
11.82,1.5793,-1.4994,6.4614,1.5381,-4.9896,2.133,7.2375
11.83,1.5643,-1.4995,6.4769,1.5399,-5.0883,2.0815,6.7585
11.84,1.5493,-1.5005,6.4923,1.5416,-5.1865,2.0299,6.2706
11.85,1.5343,-1.4998,6.5076,1.5432,-5.2844,1.9785,5.7736
11.86,1.5193,-1.5007,6.5227,1.5445,-5.3819,1.9272,5.2668
11.87,1.5043,-1.4991,6.5377,1.5458,-5.4791,1.8762,4.7496
11.88,1.4893,-1.5001,6.5526,1.5469,-5.576,1.8255,4.2211
11.89,1.4743,-1.5011,6.5673,1.5478,-5.6725,1.7753,3.6815
11.9,1.4593,-1.4986,6.5818,1.5486,-5.7688,1.7254,3.1296
11.91,1.4443,-1.5013,6.5963,1.5493,-5.8648,1.6763,2.5648
11.92,1.4293,-1.4988,6.6105,1.5498,-5.9606,1.6276,1.9866
11.93,1.4143,-1.5006,6.6247,1.5501,-6.0561,1.5797,1.3939
11.94,1.3993,-1.5007,6.6387,1.5503,-6.1512,1.5326,0.7868
11.95,1.3843,-1.4991,6.6525,1.5503,-6.2462,1.4862,0.164
11.96,1.3693,-1.5,6.6662,1.5502,-6.3411,1.4407,-0.4757
11.97,1.3543,-1.5001,6.6798,1.55,-6.4357,1.396,-1.1326
11.98,1.3393,-1.501,6.6931,1.5495,-6.5299,1.3524,-1.8072
11.99,1.3243,-1.4985,6.7064,1.549,-6.6242,1.3096,-2.5009
12,1.3093,-1.5012,6.7194,1.5482,-6.7181,1.2679,-3.2148
12.01,1.2943,-1.4995,6.7323,1.5473,-6.812,1.2272,-3.9492
12.02,1.2793,-1.4995,6.7451,1.5463,-6.9057,1.1875,-4.706
12.03,1.2643,-1.5013,6.7577,1.5451,-6.9991,1.149,-5.4852
12.04,1.2493,-1.4987,6.7701,1.5437,-7.0925,1.1115,-6.2883
12.05,1.2343,-1.5005,6.7823,1.5422,-7.1856,1.0752,-7.1169
12.06,1.2193,-1.4996,6.7944,1.5405,-7.2787,1.04,-7.9715
12.07,1.2043,-1.5005,6.8063,1.5386,-7.3715,1.0059,-8.8533
12.08,1.1893,-1.4996,6.818,1.5366,-7.4643,0.9731,-9.7634
12.09,1.1743,-1.5005,6.8296,1.5344,-7.5568,0.9414,-10.7029
12.1,1.1593,-1.4996,6.8409,1.5321,-7.6492,0.9109,-11.6731
12.11,1.1443,-1.4995,6.8521,1.5296,-7.7415,0.8816,-12.6758
12.12,1.1293,-1.5003,6.8631,1.5269,-7.8335,0.8535,-13.7116
12.13,1.1143,-1.5002,6.8738,1.5241,-7.9254,0.8266,-14.781
12.14,1.0993,-1.5001,6.8844,1.5211,-8.017,0.8008,-15.8853
12.15,1.0843,-1.5,6.8948,1.5179,-8.1084,0.7763,-17.0256
12.16,1.0693,-1.4989,6.9049,1.5145,-8.1997,0.7529,-18.2037
12.17,1.0543,-1.5005,6.9149,1.511,-8.2907,0.7308,-19.4199
12.18,1.0393,-1.5002,6.9246,1.5074,-8.3813,0.7097,-20.6738
12.19,1.0245,-1.481,6.9341,1.5035,-8.4717,0.6899,-21.9661
12.2,1.0102,-1.4223,6.9434,1.4995,-8.5617,0.6712,-23.2983
12.21,0.9967,-1.3587,6.9524,1.4954,-8.6516,0.6535,-24.6719
12.22,0.9837,-1.2951,6.9613,1.4911,-8.7412,0.637,-26.0866
12.23,0.9714,-1.2283,6.9699,1.4866,-8.8306,0.6215,-27.5436
12.24,0.9598,-1.1637,6.9783,1.4819,-8.9197,0.607,-29.0431
12.25,0.9488,-1.0954,6.9864,1.4771,-9.0087,0.5936,-30.5851
12.26,0.9385,-1.0285,6.9944,1.4721,-9.0974,0.5811,-32.1705
12.27,0.9289,-0.9596,7.0021,1.4669,-9.1861,0.5696,-33.7988
12.28,0.92,-0.8912,7.0096,1.4616,-9.2745,0.5591,-35.4692
12.29,0.9118,-0.8216,7.0169,1.4561,-9.3628,0.5496,-37.1797
12.3,0.9043,-0.751,7.0239,1.4504,-9.4509,0.541,-38.93
12.31,0.8975,-0.6803,7.0307,1.4445,-9.5389,0.5332,-40.7195
12.32,0.8914,-0.6095,7.0373,1.4385,-9.6267,0.5264,-42.545
12.33,0.886,-0.5374,7.0436,1.4323,-9.7143,0.5205,-44.4041
12.34,0.8814,-0.4659,7.0497,1.4259,-9.8017,0.5154,-46.2927
12.35,0.8774,-0.3928,7.0555,1.4194,-9.8889,0.5113,-48.2076
12.36,0.8742,-0.3202,7.0611,1.4127,-9.9759,0.508,-50.1465
12.37,0.8766,0.2336,7.0666,1.4058,-9.96,1.3927,-51.7069
12.38,0.8906,1.4021,7.072,1.3988,-9.9039,1.3856,-52.2094
12.39,0.9056,1.5005,7.0775,1.3916,-9.8466,1.3784,-52.6633
12.4,0.9206,1.4994,7.083,1.3842,-9.7882,1.371,-53.1277
12.41,0.9356,1.4996,7.0886,1.3767,-9.7287,1.3634,-53.6032
12.42,0.9506,1.5008,7.0942,1.369,-9.668,1.3557,-54.0896
12.43,0.9656,1.4988,7.0998,1.3611,-9.6061,1.3477,-54.5873
12.44,0.9806,1.5011,7.1054,1.3531,-9.5431,1.3396,-55.0965
12.45,0.9956,1.4991,7.111,1.3448,-9.4788,1.3313,-55.6173
12.46,1.0106,1.5003,7.1166,1.3364,-9.4134,1.3228,-56.1504
12.47,1.0256,1.5004,7.1223,1.3279,-9.3468,1.3141,-56.6954
12.48,1.0406,1.5005,7.1279,1.3191,-9.279,1.3053,-57.2527
12.49,1.0556,1.4987,7.1335,1.3102,-9.2099,1.2962,-57.8231
12.5,1.0706,1.5008,7.1391,1.3011,-9.1396,1.287,-58.4069
12.51,1.0856,1.5,7.1447,1.2918,-9.0681,1.2776,-59.0039
12.52,1.1006,1.5001,7.1503,1.2823,-8.9952,1.2679,-59.6148
12.53,1.1156,1.4993,7.1558,1.2726,-8.9211,1.2581,-60.2401
12.54,1.1306,1.5004,7.1613,1.2627,-8.8457,1.2481,-60.8802
12.55,1.1456,1.4996,7.1668,1.2526,-8.7689,1.2379,-61.5354
12.56,1.1606,1.5007,7.1722,1.2424,-8.6909,1.2275,-62.2059
12.57,1.1756,1.4999,7.1775,1.2319,-8.6115,1.217,-62.8921
12.58,1.1906,1.4992,7.1828,1.2212,-8.5307,1.2063,-63.5951
12.59,1.2056,1.5011,7.1881,1.2104,-8.4486,1.1954,-64.3148
12.6,1.2206,1.4995,7.1932,1.1993,-8.3651,1.1843,-65.0517
12.61,1.2356,1.4997,7.1983,1.188,-8.2801,1.173,-65.807
12.62,1.2506,1.4999,7.2033,1.1766,-8.1937,1.1616,-66.581
12.63,1.2656,1.5008,7.2081,1.1649,-8.1059,1.1501,-67.3738
12.64,1.2806,1.4994,7.2129,1.153,-8.0167,1.1384,-68.1864
12.65,1.2954,1.4774,7.2175,1.1409,-7.9259,1.1266,-69.0195
12.66,1.2965,0.1149,7.222,1.1287,-7.8347,1.1147,-69.8692
12.67,1.2897,-0.6841,7.2262,1.1166,-7.7435,1.103,-70.7285
12.68,1.2828,-0.6822,7.2303,1.1044,-7.6523,1.0913,-71.5951
12.69,1.276,-0.6804,7.2341,1.0922,-7.5613,1.0798,-72.4692
12.7,1.2693,-0.6776,7.2378,1.0801,-7.4703,1.0683,-73.3505
12.71,1.2625,-0.6739,7.2412,1.0679,-7.3793,1.057,-74.2395
12.72,1.2558,-0.6705,7.2444,1.0558,-7.2885,1.0458,-75.1361
12.73,1.2492,-0.6649,7.2474,1.0436,-7.1976,1.0348,-76.0407
12.74,1.2426,-0.6605,7.2502,1.0315,-7.1069,1.0239,-76.9535
12.75,1.236,-0.6541,7.2528,1.0195,-7.0162,1.0132,-77.8738
12.76,1.2296,-0.6474,7.2552,1.0074,-6.9257,1.0026,-78.802
12.77,1.2232,-0.6397,7.2574,0.9954,-6.8351,0.9922,-79.7388
12.78,1.2168,-0.6323,7.2594,0.9834,-6.7448,0.9821,-80.6838
12.79,1.2106,-0.6229,7.2611,0.9714,-6.6544,0.9721,-81.637
12.8,1.2045,-0.6141,7.2627,0.9594,-6.5642,0.9623,-82.5986
12.81,1.1984,-0.6037,7.264,0.9475,-6.4742,0.9527,-83.5681
12.82,1.1925,-0.5926,7.2652,0.9356,-6.3841,0.9434,-84.5466
12.83,1.1867,-0.5819,7.2661,0.9238,-6.2942,0.9343,-85.5331
12.84,1.181,-0.5689,7.2668,0.912,-6.2044,0.9254,-86.5275
12.85,1.1754,-0.5564,7.2673,0.9003,-6.1147,0.9168,-87.531
12.86,1.17,-0.5431,7.2676,0.8886,-6.0251,0.9084,-88.5425
12.87,1.1647,-0.5287,7.2677,0.8769,-5.9357,0.9003,-89.562
12.88,1.1596,-0.5138,7.2676,0.8653,-5.8463,0.8925,-90.5898
12.89,1.1546,-0.4986,7.2672,0.8538,-5.7571,0.885,-91.6256
12.9,1.1498,-0.4823,7.2667,0.8423,-5.668,0.8777,-92.6691
12.91,1.1451,-0.4656,7.266,0.8309,-5.579,0.8707,-93.7207
12.92,1.1406,-0.4484,7.265,0.8195,-5.4902,0.8641,-94.7799
12.93,1.1363,-0.4303,7.2639,0.8082,-5.4014,0.8577,-95.8465
12.94,1.1322,-0.4117,7.2625,0.797,-5.3128,0.8516,-96.9208
12.95,1.1283,-0.393,7.2609,0.7858,-5.2244,0.8458,-98.0016
12.96,1.1245,-0.3728,7.2591,0.7747,-5.136,0.8404,-99.0892
12.97,1.121,-0.353,7.2572,0.7637,-5.0478,0.8353,-100.1839
12.98,1.1177,-0.3322,7.255,0.7527,-4.9598,0.8305,-101.2843
12.99,1.1146,-0.3108,7.2526,0.7418,-4.8719,0.826,-102.3908
13,1.1117,-0.2892,7.25,0.731,-4.7841,0.8219,-103.503
13.01,1.109,-0.267,7.2472,0.7203,-4.6966,0.8181,-104.62
13.02,1.1066,-0.2442,7.2442,0.7096,-4.6091,0.8147,-105.742
13.03,1.1044,-0.2212,7.241,0.6991,-4.5218,0.8116,-106.8688
13.04,1.1024,-0.1976,7.2376,0.6886,-4.4347,0.8089,-107.9992
13.05,1.1007,-0.1735,7.234,0.6782,-4.3476,0.8065,-109.1335
13.06,1.0992,-0.1492,7.2302,0.6679,-4.2608,0.8045,-110.2713
13.07,1.0979,-0.1245,7.2261,0.6577,-4.1741,0.8028,-111.4116
13.08,1.0969,-0.0994,7.2219,0.6475,-4.0876,0.8016,-112.5538
13.09,1.0962,-0.0739,7.2175,0.6375,-4.0012,0.8007,-113.6982
13.1,1.0957,-0.0482,7.2129,0.6275,-3.9151,0.8001,-114.8436
13.11,1.0955,-0.0221,7.2081,0.6177,-3.8291,0.8,-115.9895
13.12,1.0955,0.0042,7.2031,0.6079,-3.7432,0.8003,-117.1361
13.13,1.0958,0.0309,7.1979,0.5983,-3.6575,0.8009,-118.2821
13.14,1.0964,0.0577,7.1926,0.5887,-3.572,0.802,-119.4272
13.15,1.0973,0.0848,7.187,0.5793,-3.4867,0.8034,-120.5708
13.16,1.0984,0.1122,7.1812,0.57,-3.4016,0.8052,-121.7124
13.17,1.0998,0.1397,7.1752,0.5607,-3.3166,0.8075,-122.8514
13.18,1.1015,0.1673,7.1691,0.5516,-3.2317,0.8102,-123.988
13.19,1.1034,0.1954,7.1627,0.5426,-3.1471,0.8132,-125.1209
13.2,1.1056,0.2234,7.1562,0.5336,-3.0627,0.8167,-126.2492
13.21,1.1082,0.2516,7.1495,0.5248,-2.9785,0.8207,-127.3729
13.22,1.111,0.2799,7.1426,0.5161,-2.8944,0.825,-128.4915
13.23,1.114,0.3083,7.1355,0.5076,-2.8105,0.8298,-129.6046
13.24,1.1174,0.3367,7.1282,0.4991,-2.7267,0.8351,-130.7122
13.25,1.1211,0.3657,7.1207,0.4907,-2.6432,0.8407,-131.8133
13.26,1.125,0.3942,7.113,0.4825,-2.5599,0.8469,-132.9069
13.27,1.1292,0.423,7.1052,0.4744,-2.4767,0.8534,-133.9932
13.28,1.1338,0.4518,7.0972,0.4664,-2.3937,0.8605,-135.0717
13.29,1.1386,0.4804,7.0889,0.4585,-2.3109,0.868,-136.1427
13.3,1.1437,0.5098,7.0806,0.4507,-2.2282,0.876,-137.2051
13.31,1.149,0.5385,7.072,0.4431,-2.1458,0.8845,-138.2581
13.32,1.1547,0.5671,7.0632,0.4355,-2.0634,0.8934,-139.3025
13.33,1.1555,0.0773,7.0543,0.4282,-1.9817,0.9028,-140.3351
13.34,1.1414,-1.4058,7.0454,0.421,-1.9015,0.9126,-141.3468
13.35,1.1264,-1.4999,7.0365,0.4141,-1.823,0.9226,-142.3313
13.36,1.1114,-1.5,7.0276,0.4075,-1.746,0.9329,-143.2884
13.37,1.0964,-1.5002,7.0187,0.4011,-1.6707,0.9434,-144.2182
13.38,1.0814,-1.5004,7.0098,0.3949,-1.597,0.9542,-145.1211
13.39,1.0664,-1.4997,7.001,0.3889,-1.5248,0.9652,-145.9977
13.4,1.0514,-1.4999,6.9922,0.3832,-1.4541,0.9764,-146.849
13.41,1.0364,-1.5001,6.9834,0.3776,-1.385,0.9878,-147.6753
13.42,1.0214,-1.4994,6.9747,0.3723,-1.3173,0.9993,-148.4774
13.43,1.0064,-1.5006,6.9661,0.3672,-1.2512,1.011,-149.2556
13.44,0.9914,-1.4998,6.9575,0.3622,-1.1865,1.0229,-150.0102
13.45,0.9764,-1.5001,6.949,0.3574,-1.1232,1.0348,-150.7422
13.46,0.9614,-1.5004,6.9405,0.3528,-1.0614,1.0468,-151.4518
13.47,0.9464,-1.4995,6.9321,0.3484,-1.0009,1.059,-152.1399
13.48,0.9468,0.0407,6.9237,0.3441,-0.9879,0.6395,-153.2367
13.49,0.961,1.4162,6.915,0.34,-0.9759,0.6966,-154.6513
13.5,0.976,1.499,6.9061,0.336,-0.9643,0.7579,-155.9028
13.51,0.991,1.5013,6.897,0.3322,-0.953,0.8234,-157.0188
13.52,1.0059,1.4993,6.8877,0.3284,-0.9419,0.893,-158.0209
13.53,1.0209,1.499,6.8781,0.3248,-0.931,0.967,-158.9281
13.54,1.036,1.4984,6.8684,0.3212,-0.9203,1.0454,-159.7546
13.55,1.051,1.5019,6.8585,0.3177,-0.9098,1.1278,-160.5099
13.56,1.0659,1.501,6.8484,0.3142,-0.8994,1.2145,-161.2023
13.57,1.0809,1.4977,6.8382,0.3109,-0.8892,1.3057,-161.8416
13.58,1.0959,1.5008,6.8277,0.3076,-0.8792,1.4011,-162.4342
13.59,1.1109,1.4995,6.8171,0.3043,-0.8693,1.5011,-162.9848
13.6,1.1259,1.498,6.8063,0.3011,-0.8594,1.6057,-163.4989
13.61,1.141,1.5033,6.7953,0.298,-0.8497,1.7144,-163.9792
13.62,1.156,1.497,6.7842,0.2948,-0.8401,1.828,-164.4294
13.63,1.171,1.5022,6.7729,0.2918,-0.8306,1.9459,-164.8529
13.64,1.186,1.498,6.7614,0.2888,-0.8211,2.0687,-165.2517
13.65,1.201,1.5009,6.7498,0.2858,-0.8118,2.196,-165.6285
13.66,1.2159,1.5014,6.738,0.2828,-0.8025,2.3277,-165.9845
13.67,1.2309,1.4969,6.726,0.2799,-0.7933,2.4647,-166.3223
13.68,1.2459,1.5022,6.7139,0.2771,-0.7841,2.6062,-166.6433
13.69,1.2609,1.4976,6.7016,0.2742,-0.775,2.7529,-166.9486
13.7,1.2759,1.5029,6.6892,0.2714,-0.766,2.9039,-167.2392
13.71,1.2909,1.4983,6.6766,0.2686,-0.757,3.0602,-167.5163
13.72,1.3059,1.4985,6.6638,0.2658,-0.748,3.2219,-167.7816
13.73,1.321,1.5013,6.6509,0.2631,-0.7391,3.3883,-168.0353
13.74,1.3359,1.5016,6.6378,0.2604,-0.7302,3.5594,-168.2778
13.75,1.3509,1.4967,6.6246,0.2577,-0.7214,3.7364,-168.5106
13.76,1.3659,1.502,6.6112,0.255,-0.7126,3.9181,-168.7342
13.77,1.3809,1.4997,6.5976,0.2524,-0.7038,4.1052,-168.9488
13.78,1.3959,1.4999,6.5839,0.2498,-0.6951,4.2976,-169.1552
13.79,1.4109,1.5001,6.5701,0.2471,-0.6864,4.4953,-169.3539
13.8,1.4259,1.5002,6.556,0.2446,-0.6777,4.6984,-169.5454
13.81,1.4409,1.4978,6.5418,0.242,-0.6691,4.9075,-169.7302
13.82,1.4559,1.5031,6.5275,0.2394,-0.6605,5.1212,-169.9085
13.83,1.4709,1.4981,6.513,0.2369,-0.6519,5.3411,-170.0806
13.84,1.4859,1.4982,6.4984,0.2344,-0.6432,5.5672,-170.2473
13.85,1.5009,1.5036,6.4836,0.2319,-0.6347,5.7978,-170.4083
13.86,1.5159,1.4984,6.4686,0.2294,-0.6261,6.0346,-170.564
13.87,1.5309,1.4986,6.4535,0.2269,-0.6176,6.2776,-170.7151
13.88,1.5459,1.5013,6.4383,0.2245,-0.6091,6.5261,-170.8615
13.89,1.5609,1.4988,6.4228,0.222,-0.6006,6.781,-171.0034
13.9,1.5759,1.5015,6.4073,0.2196,-0.5921,7.0411,-171.1411
13.91,1.5909,1.499,6.3915,0.2172,-0.5836,7.3078,-171.2748
13.92,1.6059,1.5017,6.3757,0.2148,-0.5751,7.5798,-171.4045
13.93,1.6209,1.4991,6.3597,0.2124,-0.5666,7.8583,-171.5305
13.94,1.6359,1.4992,6.3435,0.21,-0.5582,8.1431,-171.6532
13.95,1.6509,1.4993,6.3271,0.2077,-0.5497,8.4347,-171.7726
13.96,1.6659,1.502,6.3106,0.2053,-0.5413,8.7314,-171.8887
13.97,1.6809,1.4968,6.294,0.203,-0.5328,9.036,-172.0019
13.98,1.6959,1.5022,6.2772,0.2006,-0.5244,9.346,-172.1121
13.99,1.7109,1.4996,6.2602,0.1983,-0.516,9.6629,-172.2194
14,1.7259,1.4997,6.2431,0.196,-0.5075,9.9862,-172.3241
14.01,1.7409,1.5024,6.2259,0.1937,-0.4991,10.3149,-172.426
14.02,1.7559,1.4971,6.2085,0.1915,-0.4907,10.6515,-172.5255
14.03,1.7709,1.4998,6.1909,0.1892,-0.4823,10.9947,-172.6228
14.04,1.7859,1.5026,6.1732,0.1869,-0.4739,11.3438,-172.7176
14.05,1.8009,1.4973,6.1553,0.1847,-0.4655,11.7015,-172.8102
14.06,1.8159,1.5,6.1373,0.1824,-0.457,12.0657,-172.9008
14.07,1.8309,1.5027,6.1191,0.1802,-0.4486,12.4343,-172.9892
14.08,1.8459,1.4974,6.1008,0.178,-0.4402,12.8126,-173.0756
14.09,1.8609,1.5002,6.0823,0.1757,-0.4318,13.1976,-173.1602
14.1,1.8759,1.5002,6.0637,0.1735,-0.4233,13.5893,-173.243
14.11,1.8909,1.5002,6.0449,0.1713,-0.4149,13.9871,-173.3239
14.12,1.9059,1.5003,6.026,0.1691,-0.4065,14.393,-173.403
14.13,1.9209,1.5003,6.0069,0.167,-0.398,14.8067,-173.4805
14.14,1.9359,1.4977,5.9876,0.1648,-0.3896,15.2281,-173.5565
14.15,1.9509,1.5031,5.9683,0.1626,-0.3812,15.6544,-173.6308
14.16,1.9659,1.4978,5.9487,0.1605,-0.3727,16.0907,-173.7036
14.17,1.9809,1.5005,5.9291,0.1583,-0.3642,16.5335,-173.775
14.18,1.9959,1.5005,5.9092,0.1562,-0.3558,16.9849,-173.845
14.19,2.0109,1.4979,5.8892,0.1541,-0.3473,17.4436,-173.9136
14.2,2.0259,1.5006,5.869,0.1519,-0.3388,17.9098,-173.981
14.21,2.0409,1.5007,5.8487,0.1498,-0.3303,18.3829,-174.047
14.22,2.0559,1.5007,5.8283,0.1477,-0.3218,18.864,-174.1117
14.23,2.0709,1.5007,5.8077,0.1456,-0.3133,19.3524,-174.1751
14.24,2.0859,1.4981,5.787,0.1435,-0.3048,19.8523,-174.2374
14.25,2.1009,1.5008,5.7661,0.1414,-0.2963,20.3564,-174.2986
14.26,2.1159,1.4982,5.745,0.1393,-0.2877,20.8687,-174.3587
14.27,2.1309,1.5009,5.7238,0.1373,-0.2792,21.3953,-174.4178
14.28,2.1459,1.5009,5.7024,0.1352,-0.2706,21.9236,-174.4758
14.29,2.1609,1.4983,5.6809,0.1331,-0.2621,22.4637,-174.5327
14.3,2.1759,1.5009,5.6592,0.1311,-0.2535,23.0088,-174.5887
14.31,2.1909,1.501,5.6374,0.129,-0.2449,23.5641,-174.6437
14.32,2.2059,1.4984,5.6154,0.127,-0.2363,24.1299,-174.6977
14.33,2.2209,1.501,5.5933,0.125,-0.2277,24.7018,-174.7508
14.34,2.2359,1.5011,5.5711,0.123,-0.2191,25.2788,-174.803
14.35,2.2509,1.4985,5.5487,0.1209,-0.2104,25.868,-174.8543
14.36,2.2659,1.4985,5.5261,0.1189,-0.2018,26.4693,-174.9049
14.37,2.2809,1.5012,5.5034,0.1169,-0.1931,27.0778,-174.9546
14.38,2.2959,1.5012,5.4805,0.1149,-0.1844,27.6971,-175.0035
14.39,2.3109,1.4986,5.4575,0.1129,-0.1757,28.3181,-175.0515
14.4,2.3259,1.5012,5.4343,0.1109,-0.167,28.9532,-175.0988
14.41,2.3409,1.4987,5.411,0.109,-0.1583,29.598,-175.1454
14.42,2.3559,1.5013,5.3876,0.107,-0.1496,30.2459,-175.1913
14.43,2.3709,1.4987,5.3639,0.105,-0.1408,30.9076,-175.2364
14.44,2.3859,1.4988,5.3401,0.103,-0.132,31.5893,-175.2809
14.45,2.4009,1.5014,5.3162,0.1011,-0.1232,32.2591,-175.3247
14.46,2.4159,1.5014,5.2921,0.0991,-0.1144,32.9536,-175.3677
14.47,2.4309,1.4989,5.2679,0.0972,-0.1056,33.6542,-175.4102
14.48,2.4459,1.4989,5.2435,0.0953,-0.0968,34.367,-175.452
14.49,2.4609,1.4989,5.2189,0.0933,-0.0879,35.0838,-175.4933
14.5,2.4759,1.504,5.1943,0.0914,-0.079,35.8101,-175.5339
14.51,2.4909,1.4965,5.1694,0.0895,-0.0701,36.556,-175.5738
14.52,2.4999,0.907,5.1446,0.0876,-0.0612,37.3019,-175.6132
14.53,2.5,0.0088,5.1196,0.0857,-0.0524,38.0658,-175.6519
14.54,2.5,-0.0001,5.0947,0.0838,-0.0435,38.8165,-175.6898
14.55,2.5,-0.0001,5.0697,0.0819,-0.0347,39.5828,-175.7269
14.56,2.5,-0.0001,5.0448,0.0801,-0.026,40.3427,-175.7633
14.57,2.5,-0.0001,5.0198,0.0782,-0.0172,41.1409,-175.7991
14.58,2.5,-0.0001,4.9949,0.0764,-0.0085,41.9184,-175.8342
14.59,2.5,-0.0001,4.97,0.0746,0.0001,42.6968,-175.8685
14.6,2.5,-0.0001,4.9451,0.0728,0.0088,43.5012,-175.9022
14.61,2.5,-0.0001,4.9201,0.0711,0.0174,44.2782,-175.9354
14.62,2.5,-0.0001,4.8952,0.0693,0.026,45.1084,-175.9679
14.63,2.5,-0.0001,4.8702,0.0676,0.0346,45.9074,-175.9999
14.64,2.5,-0.0001,4.8453,0.0658,0.0431,46.716,-176.0313
14.65,2.5,-0.0001,4.8204,0.0641,0.0517,47.5509,-176.0621
14.66,2.5,-0.0001,4.7954,0.0624,0.0601,48.3614,-176.0923
14.67,2.5,-0.0001,4.7705,0.0607,0.0686,49.1979,-176.1221
14.68,2.5,-0.0001,4.7455,0.059,0.0771,50.0426,-176.1514
14.69,2.5,-0.0001,4.7206,0.0574,0.0855,50.895,-176.1802
14.7,2.5,-0.0001,4.6956,0.0557,0.0939,51.7542,-176.2085
14.71,2.5,-0.0001,4.6707,0.0541,0.1023,52.5985,-176.2363
14.72,2.5,-0.0001,4.6457,0.0525,0.1107,53.4463,-176.2637
14.73,2.5,-0.0001,4.6208,0.0508,0.119,54.3201,-176.2906
14.74,2.5,-0.0001,4.5959,0.0492,0.1274,55.1977,-176.317
14.75,2.5,-0.0001,4.5709,0.0476,0.1357,56.0773,-176.3431
14.76,2.5,-0.0001,4.5459,0.0461,0.144,56.985,-176.3688
14.77,2.5,-0.0001,4.521,0.0445,0.1523,57.8664,-176.394
14.78,2.5,0,4.4961,0.0429,0.1605,58.7455,-176.4189
14.79,2.5,0,4.4711,0.0414,0.1688,59.6816,-176.4433
14.8,2.5,0,4.4461,0.0398,0.177,60.5544,-176.4675
14.81,2.5,0,4.4212,0.0383,0.1852,61.4848,-176.4912
14.82,2.5,0,4.3963,0.0368,0.1934,62.4103,-176.5146
14.83,2.5,0,4.3713,0.0353,0.2016,63.3649,-176.5376
14.84,2.5,0,4.3463,0.0338,0.2098,64.2767,-176.5604
14.85,2.5,0,4.3214,0.0323,0.218,65.2151,-176.5827
14.86,2.5,0,4.2964,0.0308,0.2261,66.1822,-176.6048
14.87,2.5,0,4.2715,0.0293,0.2343,67.0969,-176.6265
14.88,2.5,0,4.2465,0.0279,0.2424,68.0807,-176.6479
14.89,2.5,0,4.2215,0.0264,0.2505,69.0066,-176.6691
14.9,2.5,0,4.1966,0.025,0.2586,70.0512,-176.6899
14.91,2.5,0,4.1716,0.0235,0.2667,70.9865,-176.7104
14.92,2.5,0,4.1467,0.0221,0.2748,72.048,-176.7306
14.93,2.5,0,4.1217,0.0207,0.2829,73.0418,-176.7506
14.94,2.5,0,4.0967,0.0193,0.291,74.0112,-176.7703
14.95,2.5,0,4.0718,0.0179,0.299,75.0082,-176.7897
14.96,2.5,0,4.0468,0.0165,0.3071,76.0939,-176.8089
14.97,2.5,0,4.0218,0.0151,0.3151,77.0943,-176.8278
14.98,2.5,0,3.9969,0.0137,0.3232,78.1241,-176.8464
14.99,2.5,0,3.972,0.0124,0.3312,79.1197,-176.8648
15,2.5,0,3.9469,0.011,0.3392,80.2117,-176.883
15.01,2.5,0,3.922,0.0097,0.3472,81.1983,-176.9009
15.02,2.5,0,3.897,0.0083,0.3552,82.3578,-176.9186
15.03,2.5,0,3.8721,0.007,0.3632,83.4058,-176.936
15.04,2.5,0,3.8472,0.0056,0.3712,84.4847,-176.9532
15.05,2.5,0,3.8222,0.0043,0.3792,85.597,-176.9702
15.06,2.5,0,3.7972,0.003,0.3872,86.7444,-176.987
15.07,2.5,0,3.7722,0.0017,0.3952,87.754,-177.0036
15.08,2.5,0,3.7472,0.0004,0.4032,88.8813,-177.02
15.09,2.5,0,3.7223,-0.0009,0.4112,90.0443,-177.0362
15.1,2.5,0,3.6973,-0.0022,0.4192,91.1471,-177.0521
15.11,2.5,0,3.6723,-0.0035,0.4271,92.3848,-177.0679
15.12,2.5,0,3.6474,-0.0047,0.4351,93.5597,-177.0834
15.13,2.5,0,3.6224,-0.006,0.4431,94.6629,-177.0988
15.14,2.5,0,3.5974,-0.0073,0.451,95.7983,-177.1139
15.15,2.5,0,3.5725,-0.0085,0.459,97.0858,-177.1289
15.16,2.5,0,3.5475,-0.0097,0.467,98.2965,-177.1437
15.17,2.5,0,3.5225,-0.011,0.475,99.5465,-177.1583
15.18,2.5,0,3.4976,-0.0122,0.4829,100.7066,-177.1728
15.19,2.5,0,3.4726,-0.0134,0.4909,102.0385,-177.187
15.2,2.5,0,3.4477,-0.0147,0.4988,103.2759,-177.2011
15.21,2.5,0,3.4227,-0.0159,0.5068,104.4059,-177.215
15.22,2.5,0,3.3977,-0.0171,0.5148,105.7205,-177.2288
15.23,2.5,0,3.3727,-0.0183,0.5228,107.0807,-177.2424
15.24,2.5,0,3.3477,-0.0195,0.5308,108.3246,-177.2558
15.25,2.5,0,3.3228,-0.0207,0.5387,109.7793,-177.269
15.26,2.5,0,3.2978,-0.0219,0.5467,111.1114,-177.2821
15.27,2.5,0,3.2728,-0.023,0.5547,112.3043,-177.295
15.28,2.5,0,3.2479,-0.0242,0.5627,113.5322,-177.3078
15.29,2.5,0,3.2229,-0.0254,0.5707,115.1941,-177.3204
15.3,2.5,0,3.198,-0.0266,0.5787,116.7211,-177.3329
15.31,2.5,0,3.173,-0.0277,0.5867,117.8762,-177.3452
15.32,2.5,0,3.148,-0.0289,0.5947,119.2852,-177.3574
15.33,2.5,0,3.123,-0.03,0.6027,120.744,-177.3694
15.34,2.5,0,3.098,-0.0312,0.6107,122.2557,-177.3813
15.35,2.5,0,3.0731,-0.0323,0.6187,124.0774,-177.393
15.36,2.5,0,3.0481,-0.0334,0.6268,125.4566,-177.4046
15.37,2.5,0,3.0231,-0.0346,0.6348,126.882,-177.4161
15.38,2.5,0,2.9982,-0.0357,0.6429,128.64,-177.4274
15.39,2.5,0,2.9732,-0.0368,0.6509,130.1784,-177.4385
15.4,2.5,0,2.9482,-0.0379,0.659,131.7745,-177.4496
15.41,2.5,0,2.9232,-0.039,0.6671,133.4329,-177.4605
15.42,2.5,0,2.8983,-0.0401,0.6751,135.1584,-177.4712
15.43,2.5,0,2.8733,-0.0412,0.6832,136.6082,-177.4818
15.44,2.5,0,2.8483,-0.0423,0.6913,138.8313,-177.4923
15.45,2.5,0,2.8233,-0.0434,0.6995,140.411,-177.5027
15.46,2.5,0,2.7983,-0.0445,0.7076,142.0497,-177.5129
15.47,2.5,0,2.7733,-0.0456,0.7157,143.752,-177.523
15.48,2.5,0,2.7483,-0.0466,0.7239,145.951,-177.533
15.49,2.5,0,2.7234,-0.0477,0.7321,147.3657,-177.5428
15.5,2.5,0,2.6984,-0.0488,0.7402,149.7579,-177.5525
15.51,2.5,0,2.6734,-0.0498,0.7484,151.7896,-177.5621
15.52,2.5,0,2.6485,-0.0509,0.7566,153.9177,-177.5716
15.53,2.5,0,2.6235,-0.052,0.7648,155.6112,-177.5809
15.54,2.5,0,2.5985,-0.053,0.7731,157.9291,-177.5901
15.55,2.5,0,2.5736,-0.0541,0.7813,160.3723,-177.5992
15.56,2.5,0,2.5485,-0.0551,0.7896,162.3262,-177.6082
15.57,2.5,-0.0001,2.5235,-0.0561,0.7978,165.0168,-177.617
15.58,2.5,-0.0001,2.4986,-0.0572,0.8061,167.8702,-177.6257
15.59,2.5,-0.0001,2.4736,-0.0582,0.8144,170.1716,-177.6343
15.6,2.5,-0.0001,2.4486,-0.0592,0.8228,172.5887,-177.6427
15.61,2.5,-0.0001,2.4237,-0.0603,0.8311,175.1347,-177.6511
15.62,2.5,-0.0001,2.3987,-0.0613,0.8395,177.8203,-177.6593
15.63,2.5,-0.0001,2.3737,-0.0623,0.8478,179.7757,-177.6673
15.64,2.5,-0.0001,2.3487,-0.0633,0.8563,182.7343,-177.6753
15.65,2.5,-0.0001,2.3238,-0.0643,0.8647,185.8821,-177.6831
15.66,2.5,-0.0001,2.2988,-0.0653,0.8731,188.1919,-177.6908
15.67,2.5,-0.0001,2.2738,-0.0663,0.8816,192.8171,-177.6984
15.68,2.5,-0.0001,2.2488,-0.0673,0.8901,195.4709,-177.7059
15.69,2.5,-0.0001,2.2239,-0.0683,0.8986,198.2747,-177.7132
15.7,2.5,-0.0001,2.1988,-0.0693,0.9072,202.5529,-177.7204
15.71,2.5,-0.0001,2.1738,-0.0703,0.9157,205.7648,-177.7275
15.72,2.4953,-0.4703,2.149,-0.0713,0.9243,209.1868,-177.7344
15.73,2.4806,-1.4655,2.1242,-0.0723,0.9328,216.0858,-177.7412
15.74,2.4656,-1.5004,2.0995,-0.0732,0.9414,218.4678,-177.7478
15.75,2.4506,-1.4978,2.075,-0.0742,0.9499,224.6749,-177.7543
15.76,2.4356,-1.5031,2.0507,-0.0752,0.9583,227.4809,-177.7606
15.77,2.4206,-1.4978,2.0265,-0.0761,0.9668,232.5622,-177.7667
15.78,2.4056,-1.5005,2.0024,-0.077,0.9752,238.1047,-177.7727
15.79,2.3906,-1.5005,1.9785,-0.078,0.9836,241.6795,-177.7785
15.8,2.3756,-1.5005,1.9548,-0.0789,0.992,248.1434,-177.7841
15.81,2.3606,-1.5006,1.9312,-0.0798,1.0003,252.3871,-177.7896
15.82,2.3456,-1.4979,1.9078,-0.0807,1.0087,263.2816,-177.7949
15.83,2.3306,-1.5006,1.8845,-0.0816,1.017,268.6512,-177.8
15.84,2.3156,-1.5006,1.8613,-0.0825,1.0253,278.3777,-177.805
15.85,2.3006,-1.5007,1.8384,-0.0834,1.0335,280.861,-177.8098
15.86,2.2856,-1.5007,1.8156,-0.0842,1.0417,292.4584,-177.8145
15.87,2.2706,-1.498,1.7929,-0.0851,1.05,300.6213,-177.819
15.88,2.2556,-1.5007,1.7703,-0.0859,1.0581,309.723,-177.8234
15.89,2.2406,-1.5007,1.7479,-0.0868,1.0663,319.952,-177.8276
15.9,2.2256,-1.498,1.7257,-0.0876,1.0745,331.5456,-177.8316
15.91,2.2106,-1.5008,1.7036,-0.0885,1.0826,336.9132,-177.8355
15.92,2.1956,-1.5008,1.6816,-0.0893,1.0907,342.6925,-177.8392
15.93,2.1806,-1.5008,1.6599,-0.0901,1.0988,357.9953,-177.8428
15.94,2.1656,-1.498,1.6382,-0.0909,1.1068,387.5937,-177.8462
15.95,2.1506,-1.5008,1.6167,-0.0917,1.1149,397.6971,-177.8495
15.96,2.1356,-1.5008,1.5954,-0.0925,1.1229,408.9382,-177.8526
15.97,2.1206,-1.5009,1.5742,-0.0933,1.1309,438.7393,-177.8556
15.98,2.1056,-1.4981,1.5532,-0.0941,1.1388,455.1314,-177.8584
15.99,2.0906,-1.5009,1.5323,-0.0949,1.1468,499.6862,-177.861
16,2.0756,-1.4981,1.5115,-0.0957,1.1547,526.2838,-177.8635
16.01,2.0606,-1.5009,1.4909,-0.0964,1.1627,522.5653,-177.8658
16.02,2.0456,-1.5009,1.4705,-0.0972,1.1706,599.0508,-177.868
16.03,2.0306,-1.501,1.4502,-0.098,1.1784,651.4507,-177.87
16.04,2.0156,-1.4981,1.4301,-0.0987,1.1863,722.9543,-177.8718
16.05,2.0006,-1.501,1.4101,-0.0995,1.1941,717.5691,-177.8735
16.06,1.9856,-1.4981,1.3902,-0.1002,1.2019,822.2681,-177.875
16.07,1.9706,-1.501,1.3705,-0.1009,1.2097,999.2991,-177.8764
16.08,1.9556,-1.501,1.351,-0.1016,1.2175,991.5544,-177.8776
16.09,1.9406,-1.5011,1.3316,-0.1024,1.2252,1391.1691,-177.8786
16.1,1.9256,-1.4982,1.3124,-0.1031,1.233,1380.0889,-177.8794
16.11,1.9106,-1.4982,1.2932,-0.1038,1.2407,1368.9253,-177.8801
16.12,1.8956,-1.504,1.2743,-0.1045,1.2484,1357.7669,-177.8807
16.13,1.8806,-1.4982,1.2555,-0.1052,1.2561,1346.5284,-177.881
16.14,1.8656,-1.4982,1.2368,-0.1059,1.2638,Infinity,-177.8812
16.15,1.8506,-1.5011,1.2183,-0.1066,1.2714,1323.8599,-177.8812
16.16,1.8356,-1.5011,1.2,-0.1072,1.279,Infinity,-177.8811
16.17,1.8206,-1.5012,1.1818,-0.1079,1.2866,1301.0655,-177.8807
16.18,1.8056,-1.4982,1.1638,-0.1086,1.2942,1289.5804,-177.8802
16.19,1.7906,-1.4982,1.1459,-0.1092,1.3018,1278.0231,-177.8795
16.2,1.7756,-1.5042,1.1282,-0.1099,1.3093,895.6155,-177.8786
16.21,1.7606,-1.4952,1.1105,-0.1105,1.3169,724.5864,-177.8776
16.22,1.7456,-1.5042,1.0931,-0.1112,1.3244,717.8738,-177.8763
16.23,1.7306,-1.4982,1.0758,-0.1118,1.3319,615.8845,-177.8749
16.24,1.7156,-1.5012,1.0587,-0.1125,1.3394,545.6533,-177.8733
16.25,1.7006,-1.4982,1.0417,-0.1131,1.3468,456.7501,-177.8714
16.26,1.6856,-1.5012,1.0249,-0.1137,1.3543,452.2943,-177.8694
16.27,1.6706,-1.4982,1.0081,-0.1143,1.3617,394.966,-177.8672
16.28,1.6556,-1.5013,0.9916,-0.115,1.3691,370.9597,-177.8648
16.29,1.6406,-1.4982,0.9752,-0.1156,1.3765,335.2195,-177.8621
16.3,1.6256,-1.5043,0.959,-0.1162,1.3839,307.1969,-177.8593
16.31,1.6106,-1.4952,0.9428,-0.1168,1.3913,275.8937,-177.8563
16.32,1.5956,-1.5013,0.9269,-0.1174,1.3986,265.302,-177.853
16.33,1.5806,-1.5013,0.9111,-0.118,1.4059,243.024,-177.8495
16.34,1.5656,-1.5013,0.8955,-0.1186,1.4132,224.8964,-177.8458
16.35,1.5506,-1.4982,0.88,-0.1192,1.4205,209.7313,-177.8419
16.36,1.5356,-1.4982,0.8646,-0.1197,1.4278,200.1337,-177.8377
16.37,1.5206,-1.5013,0.8494,-0.1203,1.4351,188.397,-177.8333
16.38,1.5056,-1.5013,0.8344,-0.1209,1.4423,178.1107,-177.8286
16.39,1.4906,-1.4982,0.8195,-0.1214,1.4495,164.7062,-177.8237
16.4,1.4756,-1.5013,0.8047,-0.122,1.4567,155.2261,-177.8186
16.41,1.4606,-1.4982,0.7901,-0.1226,1.4639,147.643,-177.8132
16.42,1.4456,-1.5013,0.7757,-0.1231,1.4711,138.7722,-177.8075
16.43,1.4306,-1.5014,0.7614,-0.1237,1.4782,131.5846,-177.8016
16.44,1.4156,-1.4982,0.7473,-0.1242,1.4854,124.6318,-177.7954
16.45,1.4006,-1.4982,0.7332,-0.1247,1.4925,117.971,-177.7889
16.46,1.3856,-1.5045,0.7194,-0.1253,1.4996,112.0288,-177.7821
16.47,1.3706,-1.495,0.7057,-0.1258,1.5067,106.3252,-177.775
16.48,1.3556,-1.5045,0.6922,-0.1263,1.5138,100.8996,-177.7677
16.49,1.3406,-1.495,0.6787,-0.1269,1.5208,95.7447,-177.76
16.5,1.3256,-1.5046,0.6655,-0.1274,1.5279,91.1058,-177.752
16.51,1.3106,-1.4982,0.6524,-0.1279,1.5349,86.4849,-177.7437
16.52,1.2956,-1.4981,0.6395,-0.1284,1.5419,82.3091,-177.735
16.53,1.2806,-1.5046,0.6267,-0.1289,1.5489,78.5158,-177.7261
16.54,1.2656,-1.4949,0.614,-0.1294,1.5558,74.611,-177.7167
16.55,1.2506,-1.5046,0.6016,-0.1299,1.5628,71.0746,-177.7071
16.56,1.2356,-1.4949,0.5892,-0.1304,1.5697,67.7262,-177.697
16.57,1.2206,-1.5046,0.577,-0.1309,1.5766,64.4706,-177.6866
16.58,1.2056,-1.4981,0.565,-0.1314,1.5835,61.4088,-177.6758
16.59,1.1906,-1.498,0.553,-0.1319,1.5904,58.527,-177.6645
16.6,1.1756,-1.5046,0.5413,-0.1324,1.5973,55.8194,-177.6529
16.61,1.1606,-1.4947,0.5297,-0.1329,1.6041,53.2004,-177.6408
16.62,1.1456,-1.5046,0.5183,-0.1333,1.611,50.6892,-177.6283
16.63,1.1306,-1.498,0.507,-0.1338,1.6178,48.2832,-177.6154
16.64,1.1156,-1.4979,0.4958,-0.1343,1.6246,45.9848,-177.602
16.65,1.1006,-1.5012,0.4848,-0.1347,1.6314,43.8364,-177.5881
16.66,1.0856,-1.5012,0.474,-0.1352,1.6381,41.7885,-177.5737
16.67,1.0706,-1.5012,0.4633,-0.1356,1.6448,39.8079,-177.5589
16.68,1.0556,-1.4978,0.4527,-0.1361,1.6515,37.9272,-177.5435
16.69,1.0406,-1.4978,0.4423,-0.1365,1.6583,36.1172,-177.5275
16.7,1.0256,-1.5045,0.4321,-0.137,1.6649,34.4093,-177.511
16.71,1.0106,-1.4977,0.422,-0.1374,1.6716,32.7721,-177.494
16.72,0.9956,-1.4977,0.412,-0.1379,1.6782,31.1886,-177.4762
16.73,0.9806,-1.5045,0.4023,-0.1383,1.6848,29.6852,-177.4579
16.74,0.9657,-1.4976,0.3926,-0.1387,1.6914,28.2405,-177.439
16.75,0.9506,-1.4976,0.3831,-0.1392,1.698,26.8696,-177.4194
16.76,0.9356,-1.5044,0.3738,-0.1396,1.7046,25.5623,-177.3991
16.77,0.9207,-1.4975,0.3646,-0.14,1.7111,24.314,-177.3781
16.78,0.9056,-1.4974,0.3555,-0.1404,1.7177,23.1058,-177.3563
16.79,0.8906,-1.5043,0.3466,-0.1408,1.7241,21.9707,-177.3338
16.8,0.8756,-1.4973,0.3379,-0.1413,1.7306,20.8632,-177.3105
16.81,0.8606,-1.5007,0.3293,-0.1417,1.7371,19.8116,-177.2863
16.82,0.8456,-1.5007,0.3208,-0.1421,1.7435,18.8143,-177.2614
16.83,0.8306,-1.5006,0.3125,-0.1425,1.7499,17.854,-177.2355
16.84,0.8156,-1.497,0.3044,-0.1429,1.7563,16.9317,-177.2087
16.85,0.8006,-1.504,0.2964,-0.1433,1.7626,16.0605,-177.181
16.86,0.7857,-1.4968,0.2885,-0.1436,1.7689,15.217,-177.1522
16.87,0.7706,-1.5003,0.2808,-0.144,1.7752,14.4193,-177.1224
16.88,0.7556,-1.5002,0.2733,-0.1444,1.7815,13.6542,-177.0916
16.89,0.7406,-1.5001,0.2659,-0.1448,1.7877,12.9233,-177.0596
16.9,0.7257,-1.5,0.2587,-0.1452,1.794,12.2273,-177.0264
16.91,0.7107,-1.4999,0.2516,-0.1455,1.8001,11.5605,-176.9921
16.92,0.6957,-1.4997,0.2446,-0.1459,1.8063,10.9278,-176.9565
16.93,0.6807,-1.4996,0.2378,-0.1463,1.8124,10.3226,-176.9195
16.94,0.6657,-1.4994,0.2312,-0.1466,1.8185,9.7446,-176.8812
16.95,0.6506,-1.4993,0.2247,-0.147,1.8246,9.1961,-176.8414
16.96,0.6356,-1.5028,0.2183,-0.1474,1.8306,8.6737,-176.8002
16.97,0.6206,-1.4952,0.2121,-0.1477,1.8366,8.1742,-176.7574
16.98,0.6056,-1.5063,0.2061,-0.1481,1.8425,7.7026,-176.7131
16.99,0.5907,-1.4947,0.2002,-0.1484,1.8484,7.252,-176.6671
17,0.5756,-1.502,0.1944,-0.1487,1.8542,6.8249,-176.6194
17.01,0.5606,-1.4979,0.1888,-0.1491,1.86,6.4191,-176.5698
17.02,0.5456,-1.5015,0.1834,-0.1494,1.8658,6.035,-176.5184
17.03,0.5306,-1.5013,0.1781,-0.1497,1.8715,5.6713,-176.4651
17.04,0.5157,-1.497,0.1729,-0.1501,1.8772,5.326,-176.4098
17.05,0.5006,-1.5005,0.1679,-0.1504,1.8828,4.9997,-176.3523
17.06,0.4856,-1.5002,0.1631,-0.1507,1.8883,4.6915,-176.2928
17.07,0.4706,-1.4997,0.1584,-0.151,1.8938,4.4006,-176.2311
17.0801,0.4556,-1.4992,0.1538,-0.1513,1.8993,4.126,-176.1671
17.09,0.4406,-1.5029,0.1495,-0.1516,1.9046,3.8684,-176.1009
17.1,0.4257,-1.4982,0.1452,-0.1519,1.9099,3.6256,-176.0324
17.11,0.4107,-1.4975,0.1411,-0.1522,1.9151,3.3968,-175.9613
17.12,0.3957,-1.5011,0.1372,-0.1525,1.9202,3.1824,-175.8878
17.13,0.3807,-1.5004,0.1334,-0.1527,1.9253,2.9818,-175.8119
17.14,0.3657,-1.4996,0.1297,-0.153,1.9302,2.7941,-175.7336
17.15,0.3507,-1.4987,0.1262,-0.1533,1.9351,2.6185,-175.6529
17.1601,0.3357,-1.4976,0.1229,-0.1535,1.9398,2.4544,-175.5696
17.17,0.3207,-1.5062,0.1197,-0.1538,1.9445,2.303,-175.4843
17.18,0.3057,-1.4953,0.1166,-0.154,1.949,2.1615,-175.397
17.19,0.2907,-1.4988,0.1137,-0.1543,1.9534,2.0303,-175.3075
17.2,0.2757,-1.5026,0.111,-0.1545,1.9577,1.9095,-175.2162
17.21,0.2607,-1.4957,0.1084,-0.1547,1.9618,1.7975,-175.1235
17.22,0.2457,-1.5049,0.1059,-0.1549,1.9658,1.6952,-175.0297
17.2301,0.2307,-1.4916,0.1036,-0.1551,1.9696,1.6006,-174.935
17.24,0.2157,-1.5071,0.1015,-0.1553,1.9732,1.515,-174.84
17.25,0.2007,-1.4992,0.0995,-0.1555,1.9767,1.4371,-174.7458
17.26,0.1857,-1.4964,0.0976,-0.1557,1.98,1.3664,-174.6525
17.27,0.1707,-1.5004,0.0959,-0.1559,1.983,1.3028,-174.5608
17.2801,0.1557,-1.4974,0.0944,-0.156,1.9859,1.2458,-174.4717
17.2901,0.1406,-1.5023,0.093,-0.1561,1.9885,1.1954,-174.3862
17.3001,0.1257,-1.4992,0.0917,-0.1563,1.9908,1.1512,-174.3054
17.3101,0.1106,-1.4949,0.0906,-0.1564,1.993,1.1127,-174.23
17.32,0.0957,-1.5144,0.0897,-0.1565,1.9948,1.0805,-174.1616
17.33,0.0808,-1.4864,0.0889,-0.1566,1.9964,1.0532,-174.101
17.3402,0.0656,-1.4907,0.0882,-0.1566,1.9977,1.031,-174.0483
17.3503,0.0504,-1.501,0.0877,-0.1567,1.9987,1.0142,-174.005
17.3605,0.0352,-1.4952,0.0874,-0.1567,1.9995,1.0024,-173.9724
17.3712,0.0195,-1.4667,0.0871,-0.1567,1.9999,0.9956,-173.9508