0,0,0,0,0,-0.0005,3.3011,-13.7815
0.0107,0.0093,0.875,0.0001,0,-0.0042,3.3015,-13.7804
0.0204,0.0233,1.4332,0.0003,-0.0001,-0.0125,3.3022,-13.7773
0.0302,0.038,1.5012,0.0007,-0.0002,-0.026,3.3033,-13.7717
0.0402,0.0528,1.4826,0.0012,-0.0003,-0.0452,3.305,-13.7633
0.0501,0.0677,1.5074,0.0019,-0.0005,-0.0697,3.3072,-13.752
0.0601,0.0826,1.492,0.0027,-0.0007,-0.0998,3.3098,-13.738
0.0701,0.0976,1.4957,0.0036,-0.0009,-0.1357,3.3131,-13.7211
0.0801,0.1126,1.5064,0.0047,-0.0011,-0.1768,3.3168,-13.7014
0.0901,0.1276,1.4966,0.0059,-0.0015,-0.2236,3.321,-13.679
0.1,0.1426,1.5049,0.0073,-0.0018,-0.2756,3.3259,-13.6538
0.11,0.1575,1.4973,0.0088,-0.0022,-0.3333,3.3313,-13.6259
0.12,0.1725,1.4982,0.0105,-0.0026,-0.3968,3.3375,-13.5952
0.13,0.1875,1.4989,0.0124,-0.003,-0.4659,3.3444,-13.5618
0.1401,0.2026,1.4994,0.0143,-0.0035,-0.5408,3.3519,-13.5255
0.15,0.2176,1.5044,0.0164,-0.004,-0.6209,3.3603,-13.4867
0.16,0.2325,1.4994,0.0187,-0.0045,-0.7067,3.3694,-13.4454
0.17,0.2475,1.4957,0.0211,-0.0051,-0.7987,3.3794,-13.4012
0.18,0.2625,1.5044,0.0237,-0.0057,-0.896,3.3905,-13.3545
0.19,0.2775,1.4966,0.0264,-0.0063,-0.9994,3.4023,-13.3052
0.2,0.2925,1.5008,0.0292,-0.007,-1.1086,3.4153,-13.2533
0.21,0.3075,1.501,0.0322,-0.0077,-1.2236,3.4294,-13.199
0.22,0.3225,1.5011,0.0353,-0.0084,-1.3442,3.4452,-13.1422
0.23,0.3375,1.4982,0.0386,-0.0092,-1.4711,3.4619,-13.0831
0.24,0.3525,1.4987,0.0421,-0.01,-1.6042,3.4804,-13.0214
0.25,0.3675,1.5018,0.0456,-0.0108,-1.743,3.5006,-12.9575
0.26,0.3825,1.4992,0.0494,-0.0117,-1.8881,3.5223,-12.8913
0.27,0.3975,1.5021,0.0532,-0.0126,-2.0389,3.5459,-12.823
0.28,0.4125,1.4973,0.0573,-0.0135,-2.1965,3.5719,-12.7526
0.29,0.4275,1.5002,0.0614,-0.0144,-2.3603,3.6,-12.68
0.3,0.4425,1.5027,0.0658,-0.0154,-2.5298,3.6307,-12.6056
0.31,0.4575,1.4961,0.0702,-0.0164,-2.7066,3.6644,-12.5293
0.32,0.4725,1.5031,0.0748,-0.0174,-2.8891,3.7011,-12.4512
0.33,0.4875,1.499,0.0796,-0.0184,-3.0784,3.7413,-12.3715
0.34,0.5025,1.4993,0.0845,-0.0195,-3.2744,3.7853,-12.2902
0.35,0.5175,1.5016,0.0896,-0.0206,-3.4767,3.8336,-12.2075
0.36,0.5325,1.498,0.0948,-0.0217,-3.6863,3.8869,-12.1236
0.37,0.5475,1.502,0.1001,-0.0229,-3.9021,3.9456,-12.0385
0.38,0.5625,1.4987,0.1056,-0.024,-4.1252,4.0101,-11.9524
0.39,0.5775,1.499,0.1113,-0.0252,-4.3555,4.0821,-11.8654
0.4,0.5925,1.501,0.1171,-0.0264,-4.5926,4.1618,-11.7779
0.41,0.6075,1.5012,0.123,-0.0277,-4.8365,4.2507,-11.69
0.42,0.6225,1.4983,0.1291,-0.0289,-5.0882,4.3501,-11.6019
0.43,0.6375,1.5017,0.1354,-0.0302,-5.3466,4.462,-11.5139
0.44,0.6525,1.4975,0.1418,-0.0315,-5.6134,4.5883,-11.4261
0.45,0.6675,1.5022,0.1483,-0.0328,-5.8869,4.7312,-11.3389
0.46,0.6825,1.4995,0.155,-0.0341,-6.1682,4.8937,-11.2526
0.47,0.6975,1.4998,0.1618,-0.0355,-6.4574,5.0822,-11.1675
0.48,0.7125,1.4988,0.1689,-0.0368,-6.7548,5.2996,-11.0839
0.49,0.7275,1.5017,0.176,-0.0382,-7.0595,5.5532,-11.0022
0.5,0.7425,1.4994,0.1833,-0.0396,-7.3726,5.8541,-10.9228
0.51,0.7575,1.4997,0.1907,-0.0411,-7.6939,6.2144,-10.8462
0.52,0.7725,1.5,0.1983,-0.0425,-8.0236,6.6525,-10.7727
0.53,0.7875,1.5003,0.206,-0.044,-8.3616,7.1937,-10.7029
0.54,0.8025,1.4994,0.2139,-0.0454,-8.7084,7.8823,-10.6373
0.55,0.8175,1.5008,0.222,-0.0469,-9.0636,8.7803,-10.5765
0.56,0.8325,1.4999,0.2302,-0.0485,-9.4276,9.9893,-10.5211
0.57,0.8475,1.5002,0.2385,-0.05,-9.8004,11.7231,-10.4718
0.58,0.8625,1.4994,0.247,-0.0516,-10.1826,14.4062,-10.4292
0.59,0.8775,1.5007,0.2556,-0.0531,-10.5737,19.1066,-10.3941
0.6,0.8925,1.499,0.2644,-0.0548,-10.9746,29.1539,-10.3672
0.61,0.9075,1.5011,0.2733,-0.0564,-11.3844,65.6922,-10.3495
0.62,0.9225,1.4995,0.2824,-0.058,-11.804,165.4116,-10.3418
0.63,0.9375,1.4997,0.2916,-0.0597,-12.2335,35.9278,-10.3451
0.64,0.9525,1.5,0.301,-0.0614,-12.6729,19.8041,-10.3604
0.65,0.9675,1.5002,0.3105,-0.0632,-13.1222,13.4179,-10.3887
0.66,0.9825,1.5004,0.3202,-0.065,-13.5814,10.0555,-10.4313
0.67,0.9975,1.4997,0.33,-0.0668,-14.0509,7.987,-10.4892
0.68,1.0125,1.4999,0.3399,-0.0686,-14.5309,6.5738,-10.5639
0.69,1.0275,1.5009,0.35,-0.0705,-15.0207,5.5575,-10.6564
0.7,1.0425,1.4987,0.3603,-0.0725,-15.522,4.7887,-10.7684
0.71,1.0575,1.5012,0.3706,-0.0745,-16.0332,4.1924,-10.9011
0.72,1.0725,1.499,0.3812,-0.0765,-16.5558,3.7148,-11.0561
0.73,1.0875,1.5006,0.3918,-0.0787,-17.0888,3.3264,-11.235
0.74,1.1025,1.5,0.4026,-0.0808,-17.6327,3.0041,-11.4393
0.75,1.1175,1.5,0.4136,-0.0831,-18.1875,2.7337,-11.6705
0.76,1.1325,1.4994,0.4247,-0.0854,-18.7538,2.5041,-11.9306
0.77,1.1475,1.5008,0.4359,-0.0879,-19.3305,2.3074,-12.2209
0.78,1.1625,1.5001,0.4472,-0.0904,-19.9181,2.1377,-12.543
0.79,1.1775,1.4994,0.4587,-0.093,-20.5171,1.9904,-12.8987
0.8,1.1925,1.5006,0.4703,-0.0958,-21.1266,1.8617,-13.2896
0.81,1.2075,1.4998,0.482,-0.0986,-21.7469,1.7489,-13.717
0.82,1.2225,1.5003,0.4939,-0.1016,-22.3777,1.6498,-14.1823
0.83,1.2375,1.4995,0.5059,-0.1048,-23.0194,1.5623,-14.6868
0.84,1.2525,1.5005,0.5179,-0.1081,-23.6709,1.4851,-15.2316
0.85,1.2675,1.5001,0.5301,-0.1115,-24.3324,1.417,-15.8173
0.86,1.2825,1.4998,0.5424,-0.1151,-25.0037,1.3568,-16.4447
0.87,1.2975,1.5,0.5548,-0.119,-25.6844,1.3039,-17.1141
0.88,1.3125,1.5001,0.5673,-0.123,-26.3739,1.2573,-17.8254
0.89,1.3275,1.5002,0.5799,-0.1272,-27.0717,1.2167,-18.5781
0.9,1.3355,0.7946,0.5925,-0.1316,-27.7737,1.1816,-19.3691
0.91,1.3219,-1.352,0.6049,-0.1362,-28.4679,1.1519,-20.1881
0.92,1.3072,-1.4764,0.6171,-0.1409,-29.1538,1.1271,-21.0252
0.93,1.2941,-1.3028,0.6291,-0.1457,-29.8308,1.1066,-21.877
0.94,1.2834,-1.0786,0.641,-0.1507,-30.5006,1.09,-22.7412
0.95,1.2746,-0.8742,0.6527,-0.1558,-31.1631,1.0768,-23.616
0.96,1.2678,-0.6851,0.6642,-0.161,-31.8188,1.0667,-24.4992
0.97,1.2627,-0.5089,0.6756,-0.1664,-32.4688,1.0595,-25.3892
0.98,1.2592,-0.344,0.6869,-0.172,-33.1131,1.0551,-26.2842
0.99,1.2574,-0.1882,0.6981,-0.1778,-33.7522,1.0532,-27.1821
1,1.257,-0.0401,0.7092,-0.1837,-34.3866,1.0537,-28.0815
1.01,1.258,0.1015,0.7202,-0.1898,-35.0163,1.0566,-28.9805
1.02,1.2603,0.2376,0.7311,-0.1961,-35.6418,1.0617,-29.8774
1.03,1.264,0.3691,0.742,-0.2025,-36.2638,1.069,-30.771
1.04,1.269,0.497,0.7528,-0.2092,-36.882,1.0785,-31.6598
1.05,1.2752,0.622,0.7635,-0.216,-37.4967,1.0901,-32.5421
1.06,1.2827,0.7441,0.7742,-0.2231,-38.1082,1.1039,-33.4167
1.07,1.2913,0.8646,0.7849,-0.2304,-38.7166,1.1198,-34.2824
1.08,1.3011,0.9827,0.7955,-0.2379,-39.3229,1.1379,-35.1385
1.09,1.3122,1.1011,0.8061,-0.2456,-39.9266,1.1581,-35.9841
1.1,1.3243,1.2184,0.8167,-0.2535,-40.5278,1.1807,-36.8178
1.11,1.3377,1.3341,0.8273,-0.2617,-41.1273,1.2055,-37.6392
1.12,1.3522,1.4469,0.8379,-0.2701,-41.7253,1.2328,-38.4479
1.13,1.3671,1.4995,0.8485,-0.2787,-42.3207,1.2624,-39.2426
1.14,1.3821,1.4993,0.8591,-0.2876,-42.9146,1.2946,-40.0223
1.15,1.3971,1.5009,0.8697,-0.2968,-43.5053,1.3292,-40.7862
1.16,1.4121,1.4993,0.8802,-0.3061,-44.0939,1.3666,-41.5334
1.17,1.4271,1.5004,0.8908,-0.3157,-44.6794,1.4065,-42.2635
1.18,1.4421,1.5001,0.9013,-0.3255,-45.2618,1.4493,-42.9756
1.19,1.4571,1.4999,0.9119,-0.3356,-45.8411,1.4948,-43.6695
1.2,1.4721,1.4997,0.9224,-0.3459,-46.4173,1.5433,-44.3451
1.21,1.4871,1.5002,0.9329,-0.3564,-46.9898,1.5948,-45.0021
1.22,1.5021,1.5007,0.9434,-0.3672,-47.5582,1.6492,-45.64
1.23,1.5171,1.4992,0.9539,-0.3781,-48.1234,1.7068,-46.2592
1.24,1.5321,1.5005,0.9644,-0.3893,-48.6845,1.7676,-46.8599
1.25,1.5471,1.4997,0.9749,-0.4007,-49.2419,1.8317,-47.4422
1.26,1.5621,1.5004,0.9853,-0.4123,-49.7952,1.8992,-48.0062
1.27,1.5771,1.4996,0.9958,-0.4241,-50.3448,1.9702,-48.5523
1.28,1.5922,1.5003,1.0062,-0.4362,-50.8903,2.0447,-49.081
1.29,1.6071,1.5003,1.0166,-0.4484,-51.4316,2.1229,-49.5923
1.3,1.6221,1.4996,1.027,-0.4608,-51.9693,2.2048,-50.0869
1.31,1.6367,1.4576,1.0374,-0.4735,-51.2958,1.8597,-50.622
1.32,1.6521,1.5394,1.0477,-0.4864,-50.5366,1.9453,-51.2076
1.33,1.6671,1.4996,1.0581,-0.4995,-49.7644,2.0492,-51.7691
1.34,1.6821,1.5001,1.0684,-0.5128,-48.9798,2.1763,-52.3029
1.35,1.6971,1.5001,1.0786,-0.5263,-48.1827,2.3344,-52.8059
1.36,1.7121,1.5001,1.0888,-0.54,-47.3733,2.5348,-53.2748
1.37,1.7271,1.5,1.0991,-0.5539,-46.5514,2.7951,-53.7062
1.38,1.7302,0.3062,1.1092,-0.5679,-45.723,3.1423,-54.0954
1.39,1.7154,-1.4825,1.1192,-0.5819,-44.8968,3.6191,-54.4369
1.4,1.7004,-1.4996,1.129,-0.5958,-44.0728,4.3128,-54.7275
1.41,1.6854,-1.5004,1.1387,-0.6096,-43.252,5.4043,-54.9664
1.42,1.6704,-1.4996,1.1482,-0.6233,-42.4339,7.3705,-55.153
1.43,1.6554,-1.4999,1.1577,-0.6369,-41.619,11.9448,-55.2869
1.44,1.6404,-1.5001,1.167,-0.6504,-40.808,34.377,-55.3677
1.45,1.6254,-1.5004,1.1762,-0.6638,-40.0012,36.9512,-55.3953
1.46,1.6104,-1.4991,1.1854,-0.677,-39.1977,11.9567,-55.3699
1.47,1.5954,-1.5009,1.1944,-0.6901,-38.3996,7.1935,-55.2915
1.48,1.5804,-1.4991,1.2035,-0.7031,-37.6052,5.1726,-55.1605
1.49,1.5654,-1.5004,1.2125,-0.7159,-36.8163,4.0578,-54.9775
1.5,1.5504,-1.5002,1.2214,-0.7286,-36.0327,3.3527,-54.7431
1.51,1.5354,-1.4994,1.2303,-0.7411,-35.2541,2.8676,-54.4581
1.52,1.5204,-1.5002,1.2392,-0.7534,-34.4813,2.5145,-54.1234
1.53,1.5054,-1.4999,1.2481,-0.7655,-33.7145,2.2469,-53.7403
1.54,1.4904,-1.5002,1.2571,-0.7775,-32.9542,2.0377,-53.3101
1.55,1.4754,-1.4999,1.266,-0.7892,-32.2004,1.8704,-52.8344
1.56,1.4604,-1.5002,1.2749,-0.8008,-31.4535,1.7339,-52.3149
1.57,1.4454,-1.4993,1.2838,-0.8122,-30.7132,1.621,-51.7531
1.58,1.4304,-1.5007,1.2928,-0.8233,-29.981,1.5266,-51.1513
1.59,1.4154,-1.4993,1.3018,-0.8342,-29.2557,1.4468,-50.5117
1.6,1.4004,-1.5006,1.3108,-0.8449,-28.5392,1.3789,-49.8364
1.61,1.3854,-1.4998,1.3199,-0.8554,-27.8307,1.3209,-49.1284
1.62,1.3704,-1.5,1.329,-0.8656,-27.1308,1.271,-48.3898
1.63,1.3554,-1.4997,1.3381,-0.8756,-26.4396,1.2281,-47.6234
1.64,1.3404,-1.5,1.3473,-0.8854,-25.7576,1.191,-46.832
1.65,1.3254,-1.4997,1.3565,-0.895,-25.0848,1.1591,-46.0184
1.66,1.3104,-1.5004,1.3657,-0.9043,-24.4222,1.1317,-45.1859
1.67,1.2959,-1.4429,1.375,-0.9133,-23.7688,1.1082,-44.3371
1.68,1.2833,-1.2652,1.3843,-0.9221,-23.124,1.0881,-43.4736
1.69,1.2724,-1.0871,1.3937,-0.9308,-22.4879,1.0711,-42.5974
1.7,1.2632,-0.9238,1.4031,-0.9392,-21.8594,1.0568,-41.7102
1.71,1.2554,-0.7747,1.4126,-0.9474,-21.2384,1.045,-40.8135
1.72,1.2491,-0.636,1.4222,-0.9554,-20.6238,1.0355,-39.9088
1.73,1.244,-0.507,1.4319,-0.9632,-20.0153,1.0281,-38.9969
1.74,1.2401,-0.3863,1.4416,-0.9709,-19.4126,1.0227,-38.0793
1.75,1.2374,-0.2723,1.4515,-0.9783,-18.8159,1.0191,-37.1581
1.76,1.2358,-0.164,1.4615,-0.9856,-18.2241,1.0173,-36.2343
1.77,1.2352,-0.061,1.4716,-0.9928,-17.6371,1.0171,-35.3087
1.78,1.2355,0.0378,1.4817,-0.9997,-17.055,1.0185,-34.3831
1.79,1.2369,0.1328,1.4921,-1.0066,-16.4772,1.0215,-33.4587
1.8,1.2391,0.2246,1.5025,-1.0132,-15.9037,1.0259,-32.5364
1.81,1.2422,0.3135,1.5131,-1.0197,-15.334,1.0318,-31.6174
1.82,1.2462,0.4001,1.5238,-1.0261,-14.7681,1.0392,-30.7027
1.83,1.2511,0.4846,1.5347,-1.0323,-14.2059,1.048,-29.7934
1.84,1.2568,0.5671,1.5457,-1.0384,-13.647,1.0582,-28.8904
1.85,1.2632,0.6483,1.5568,-1.0443,-13.0914,1.0698,-27.9944
1.86,1.2705,0.7281,1.5681,-1.0501,-12.539,1.0828,-27.1064
1.87,1.2786,0.8065,1.5796,-1.0558,-11.9892,1.0972,-26.227
1.88,1.2874,0.8843,1.5912,-1.0613,-11.4422,1.113,-25.3567
1.89,1.2971,0.9614,1.603,-1.0667,-10.8979,1.1303,-24.4964
1.9,1.3074,1.0378,1.615,-1.0719,-10.3563,1.149,-23.6467
1.91,1.3186,1.1126,1.6272,-1.077,-9.8163,1.1693,-22.8077
1.92,1.3304,1.1893,1.6395,-1.082,-9.279,1.191,-21.9798
1.93,1.3431,1.2634,1.652,-1.0868,-8.7433,1.2143,-21.1638
1.94,1.3565,1.339,1.6648,-1.0916,-8.2098,1.2392,-20.3596
1.95,1.3706,1.414,1.6777,-1.0961,-7.6784,1.2657,-19.5683
1.96,1.3854,1.4799,1.6908,-1.1006,-7.1481,1.2939,-18.7893
1.97,1.4004,1.5006,1.7041,-1.1049,-6.62,1.3238,-18.023
1.98,1.4154,1.4997,1.7176,-1.1091,-6.0935,1.3554,-17.2702
1.99,1.4304,1.5002,1.7313,-1.1132,-5.5692,1.3888,-16.5311
2,1.4454,1.5001,1.7452,-1.1172,-5.047,1.424,-15.8062
2.01,1.4604,1.4999,1.7593,-1.121,-4.527,1.461,-15.0956
2.02,1.4754,1.4997,1.7736,-1.1246,-4.0091,1.5,-14.3995
2.03,1.4904,1.5004,1.7881,-1.1282,-3.494,1.5408,-13.7183
2.04,1.5054,1.5003,1.8028,-1.1316,-2.9815,1.5835,-13.0522
2.05,1.5204,1.5002,1.8176,-1.1348,-2.4717,1.6282,-12.4012
2.06,1.5354,1.4993,1.8326,-1.138,-1.9641,1.6749,-11.7648
2.07,1.5504,1.5008,1.8478,-1.141,-1.4598,1.7237,-11.1433
2.08,1.5654,1.4992,1.8632,-1.1438,-0.9576,1.7746,-10.5366
2.09,1.5804,1.5007,1.8788,-1.1465,-0.4586,1.8275,-9.9444
2.1,1.5954,1.4999,1.8946,-1.1491,0.0376,1.8827,-9.3668
2.11,1.6104,1.4998,1.9105,-1.1516,0.5312,1.94,-8.8033
2.12,1.6254,1.5006,1.9265,-1.1539,1.0215,1.9995,-8.2541
2.13,1.6404,1.4998,1.9428,-1.1561,1.5091,2.0614,-7.7188
2.14,1.6554,1.4998,1.9592,-1.1582,1.9941,2.1255,-7.1968
2.15,1.6705,1.5081,1.9758,-1.1602,1.9831,3.4417,-6.7835
2.16,1.6854,1.4917,1.9926,-1.1621,1.9661,3.5874,-6.482
2.17,1.7004,1.4995,2.0095,-1.1639,1.9491,3.7378,-6.1912
2.18,1.7154,1.4997,2.0265,-1.1657,1.9321,3.893,-5.9103
2.19,1.7304,1.5007,2.0437,-1.1674,1.9152,4.0528,-5.6391
2.2,1.7454,1.4999,2.0611,-1.169,1.8983,4.2175,-5.3771
2.21,1.7604,1.4991,2.0787,-1.1706,1.8814,4.3876,-5.1237
2.22,1.7754,1.501,2.0964,-1.1721,1.8645,4.5627,-4.8787
2.23,1.7904,1.4993,2.1142,-1.1736,1.8476,4.7433,-4.6417
2.24,1.8054,1.5003,2.1322,-1.1749,1.8307,4.9291,-4.4123
2.25,1.8204,1.5004,2.1503,-1.1763,1.8139,5.1211,-4.1902
2.26,1.8354,1.4987,2.1687,-1.1776,1.797,5.3186,-3.9751
2.27,1.8504,1.5015,2.1871,-1.1788,1.7802,5.5224,-3.7666
2.28,1.8654,1.4989,2.2057,-1.1799,1.7634,5.7329,-3.5647
2.29,1.8804,1.5008,2.2245,-1.181,1.7466,5.9491,-3.3689
2.3,1.8954,1.4991,2.2434,-1.1821,1.7297,6.1725,-3.179
2.31,1.9104,1.5,2.2625,-1.1831,1.7129,6.4026,-2.9947
2.32,1.9254,1.501,2.2817,-1.184,1.6961,6.6396,-2.816
2.33,1.9404,1.4993,2.3011,-1.1849,1.6792,6.885,-2.6427
2.34,1.9554,1.4994,2.3207,-1.1858,1.6624,7.1381,-2.4744
2.35,1.9704,1.5012,2.3403,-1.1866,1.6455,7.399,-2.311
2.36,1.9854,1.4986,2.3602,-1.1873,1.6286,7.6684,-2.1525
2.37,2.0004,1.5005,2.3802,-1.188,1.6118,7.9466,-1.9984
2.38,2.0154,1.5006,2.4003,-1.1887,1.5949,8.2334,-1.8489
2.39,2.0304,1.4997,2.4206,-1.1893,1.578,8.5295,-1.7037
2.4,2.0454,1.4998,2.4411,-1.1898,1.5611,8.8369,-1.5627
2.41,2.0604,1.4999,2.4617,-1.1903,1.5441,9.1543,-1.4257
2.42,2.0754,1.5,2.4824,-1.1908,1.5272,9.4828,-1.2925
2.43,2.0904,1.5,2.5033,-1.1912,1.5102,9.8206,-1.1632
2.44,2.1054,1.4992,2.5244,-1.1916,1.4932,10.1739,-1.0375
2.45,2.1204,1.501,2.5456,-1.1919,1.4761,10.5376,-0.9155
2.46,2.1354,1.5002,2.5669,-1.1922,1.4591,10.9172,-0.797
2.47,2.1504,1.4994,2.5884,-1.1925,1.442,11.3089,-0.6819
2.48,2.1654,1.4995,2.6101,-1.1927,1.4249,11.7168,-0.57
2.49,2.1804,1.5004,2.6319,-1.1929,1.4078,12.1386,-0.4613
2.5,2.1954,1.5005,2.6538,-1.193,1.3906,12.5766,-0.3559
2.51,2.2104,1.4996,2.6759,-1.1931,1.3734,13.0341,-0.2535
2.52,2.2254,1.4997,2.6982,-1.1932,1.3562,13.5157,-0.1541
2.53,2.2404,1.5006,2.7206,-1.1932,1.3389,14.0067,-0.0576
2.54,2.2554,1.499,2.7432,-1.1932,1.3216,14.5264,0.036
2.55,2.2704,1.5008,2.7659,-1.1931,1.3042,15.0725,0.1269
2.56,2.2854,1.5,2.7887,-1.193,1.2869,15.6412,0.215
2.57,2.3004,1.5,2.8117,-1.1929,1.2694,16.2264,0.3003
2.58,2.3154,1.5001,2.8349,-1.1928,1.252,16.852,0.383
2.59,2.3304,1.4993,2.8582,-1.1926,1.2345,17.5084,0.4632
2.6,2.3454,1.5002,2.8816,-1.1924,1.2169,18.2048,0.5409
2.61,2.3604,1.5003,2.9052,-1.1921,1.1993,18.9355,0.616
2.62,2.3754,1.5003,2.929,-1.1918,1.1817,19.691,0.6886
2.63,2.3904,1.4995,2.9529,-1.1915,1.164,20.5021,0.7588
2.64,2.4054,1.4996,2.9769,-1.1912,1.1462,21.3761,0.8267
2.65,2.4204,1.5005,3.0011,-1.1908,1.1284,22.2781,0.8922
2.66,2.4354,1.4997,3.0255,-1.1904,1.1105,23.2503,0.9553
2.67,2.4504,1.4998,3.05,-1.1899,1.0926,24.2838,1.0162
2.68,2.4654,1.5007,3.0746,-1.1895,1.0747,25.403,1.0748
2.69,2.4804,1.4991,3.0994,-1.189,1.0566,26.5963,1.1311
2.7,2.4951,1.4728,3.1244,-1.1885,1.0385,27.8946,1.1852
2.71,2.5,0.4882,3.1494,-1.1879,1.0205,29.2507,1.237
2.72,2.5,0,3.1743,-1.1874,1.0024,30.7618,1.2864
2.73,2.5,0,3.1994,-1.1868,0.9844,32.3783,1.3333
2.74,2.5,0,3.2244,-1.1862,0.9665,34.1027,1.378
2.75,2.5,0,3.2493,-1.1856,0.9486,36.0471,1.4202
2.76,2.5,0,3.2743,-1.1849,0.9307,38.1979,1.4602
2.77,2.5,0,3.2993,-1.1843,0.9129,40.5083,1.498
2.78,2.4999,-0.0141,3.3243,-1.1836,0.895,42.9712,1.5336
2.79,2.4904,-0.9415,3.3492,-1.1829,0.8773,45.9093,1.5671
2.8,2.4754,-1.4995,3.374,-1.1822,0.8597,49.0764,1.5982
2.81,2.4604,-1.5013,3.3985,-1.1815,0.8423,52.6132,1.6272
2.82,2.4454,-1.4988,3.423,-1.1808,0.8249,56.7833,1.654
2.83,2.4304,-1.5007,3.4473,-1.1801,0.8077,61.5276,1.6787
2.84,2.4154,-1.4999,3.4714,-1.1794,0.7907,66.9328,1.7013
2.85,2.4004,-1.5,3.4954,-1.1787,0.7737,73.5451,1.722
2.86,2.3854,-1.5001,3.5193,-1.178,0.7569,80.6286,1.7408
2.87,2.3704,-1.5002,3.543,-1.1772,0.7401,90.2004,1.7577
2.88,2.3554,-1.5002,3.5665,-1.1765,0.7235,101.6305,1.7728
2.89,2.3404,-1.4994,3.5899,-1.1758,0.707,116.9155,1.7861
2.9,2.3254,-1.5004,3.6131,-1.175,0.6907,135.7605,1.7976
2.91,2.3104,-1.4996,3.6362,-1.1743,0.6744,168.1084,1.8074
2.92,2.2954,-1.5005,3.6592,-1.1736,0.6582,196.3077,1.8156
2.93,2.2804,-1.4997,3.682,-1.1729,0.6422,246.0393,1.8222
2.94,2.2654,-1.5007,3.7046,-1.1721,0.6262,375.6762,1.8271
2.95,2.2504,-1.4998,3.7271,-1.1714,0.6104,650.3822,1.8305
2.96,2.2354,-1.4989,3.7495,-1.1707,0.5946,Infinity,1.8324
2.97,2.2204,-1.5009,3.7716,-1.17,0.579,649.8851,1.8327
2.98,2.2054,-1.5,3.7937,-1.1693,0.5634,459.3504,1.8316
2.99,2.1904,-1.5001,3.8156,-1.1686,0.548,324.6592,1.829
3,2.1754,-1.5001,3.8373,-1.1679,0.5327,229.4565,1.825
3.01,2.1604,-1.5002,3.8589,-1.1672,0.5174,187.223,1.8197
3.02,2.1454,-1.4992,3.8804,-1.1665,0.5023,148.6862,1.8129
3.03,2.1304,-1.5003,3.9017,-1.1659,0.4872,129.5041,1.8048
3.04,2.1154,-1.5003,3.9228,-1.1652,0.4722,112.6087,1.7953
3.05,2.1004,-1.5004,3.9438,-1.1645,0.4574,99.7083,1.7846
3.06,2.0854,-1.4994,3.9646,-1.1639,0.4426,89.5021,1.7725
3.07,2.0704,-1.5005,3.9853,-1.1633,0.4279,81.2077,1.7592
3.08,2.0554,-1.4995,4.0059,-1.1626,0.4133,74.3231,1.7446
3.09,2.0404,-1.5006,4.0263,-1.162,0.3988,68.5103,1.7288
3.1,2.0254,-1.4996,4.0465,-1.1614,0.3844,63.5325,1.7117
3.11,2.0104,-1.4996,4.0666,-1.1608,0.3701,59.2186,1.6934
3.12,1.9954,-1.5007,4.0866,-1.1602,0.3558,55.442,1.6739
3.13,1.9804,-1.5007,4.1063,-1.1597,0.3417,52.1065,1.6533
3.14,1.9654,-1.4986,4.126,-1.1591,0.3276,48.9927,1.6315
3.15,1.9504,-1.5008,4.1455,-1.1586,0.3136,46.354,1.6085
3.16,1.9354,-1.4997,4.1648,-1.158,0.2997,43.8682,1.5843
3.17,1.9204,-1.5009,4.184,-1.1575,0.2859,41.8131,1.5591
3.18,1.9054,-1.4987,4.2031,-1.157,0.2722,39.7658,1.5327
3.19,1.8904,-1.5009,4.222,-1.1565,0.2585,37.9735,1.5051
3.2,1.8754,-1.4998,4.2407,-1.156,0.245,36.2653,1.4765
3.21,1.8604,-1.4999,4.2593,-1.1556,0.2315,34.6985,1.4468
3.22,1.8454,-1.4999,4.2778,-1.1551,0.2181,33.2556,1.416
3.23,1.8304,-1.4999,4.2961,-1.1547,0.2048,31.9633,1.3841
3.24,1.8154,-1.4999,4.3142,-1.1542,0.1915,30.7215,1.3512
3.25,1.8004,-1.5011,4.3322,-1.1538,0.1784,29.5332,1.3172
3.26,1.7854,-1.4988,4.3501,-1.1534,0.1653,28.459,1.2821
3.27,1.7704,-1.5,4.3678,-1.153,0.1523,27.454,1.246
3.28,1.7554,-1.5011,4.3853,-1.1527,0.1394,26.4872,1.2089
3.29,1.7404,-1.4988,4.4027,-1.1523,0.1266,25.5814,1.1707
3.3,1.7254,-1.5012,4.42,-1.152,0.1138,24.7108,1.1315
3.31,1.7104,-1.4988,4.4371,-1.1516,0.1012,23.9119,1.0913
3.32,1.6954,-1.5,4.454,-1.1513,0.0886,23.1751,1.0501
3.33,1.6804,-1.5012,4.4708,-1.151,0.0761,22.4309,1.0079
3.34,1.6654,-1.4988,4.4875,-1.1507,0.0636,21.7438,0.9647
3.35,1.6504,-1.5013,4.504,-1.1505,0.0513,21.0808,0.9205
3.36,1.6354,-1.4988,4.5203,-1.1502,0.039,20.4653,0.8753
3.37,1.6204,-1.5,4.5366,-1.15,0.0268,19.859,0.8292
3.38,1.6054,-1.5,4.5526,-1.1498,0.0147,19.2947,0.782
3.39,1.5904,-1.5013,4.5685,-1.1496,0.0027,18.7489,0.734
3.4,1.5749,-1.5484,4.5843,-1.1493,0.2587,1.6516,0.8925
3.41,1.5604,-1.4518,4.5999,-1.1489,0.5913,1.6155,1.5181
3.42,1.5454,-1.5002,4.6153,-1.1483,0.9243,1.5809,2.1706
3.43,1.5304,-1.499,4.6306,-1.1476,1.2582,1.5478,2.834
3.44,1.5154,-1.5009,4.6457,-1.1466,1.5921,1.5162,3.5077
3.45,1.5004,-1.4992,4.6607,-1.1456,1.9265,1.486,4.191
3.46,1.4857,-1.4774,4.6755,-1.1443,2.2613,1.4572,4.8845
3.47,1.4714,-1.4243,4.6901,-1.1429,2.5965,1.4298,5.5878
3.48,1.4577,-1.3696,4.7046,-1.1413,2.9318,1.4038,6.3004
3.49,1.4446,-1.3124,4.7189,-1.1395,3.2679,1.379,7.0226
3.5,1.432,-1.259,4.7331,-1.1376,3.6041,1.3555,7.754
3.51,1.42,-1.2023,4.7472,-1.1355,3.9411,1.3332,8.4945
3.52,1.4085,-1.1482,4.7611,-1.1332,4.2786,1.3122,9.2443
3.53,1.3976,-1.0926,4.7748,-1.1308,4.617,1.2923,10.0031
3.54,1.3872,-1.0386,4.7885,-1.1282,4.9558,1.2736,10.7706
3.55,1.3773,-0.984,4.802,-1.1254,5.2951,1.2561,11.5459
3.56,1.3681,-0.9287,4.8153,-1.1225,5.6353,1.2396,12.3292
3.57,1.3593,-0.8741,4.8286,-1.1194,5.9764,1.2243,13.1206
3.58,1.3511,-0.8195,4.8417,-1.1162,6.3184,1.21,13.9197
3.59,1.3435,-0.7648,4.8547,-1.1127,6.6614,1.1968,14.726
3.6,1.3364,-0.7099,4.8676,-1.1092,7.0052,1.1846,15.5391
3.61,1.3298,-0.6549,4.8803,-1.1054,7.3499,1.1735,16.3584
3.62,1.3238,-0.5993,4.893,-1.1015,7.6959,1.1634,17.1839
3.63,1.3184,-0.5442,4.9055,-1.0974,8.0429,1.1543,18.0151
3.64,1.3135,-0.4885,4.9179,-1.0932,8.3907,1.1463,18.8508
3.65,1.3092,-0.4321,4.9302,-1.0888,8.7399,1.1392,19.691
3.66,1.3054,-0.3756,4.9425,-1.0842,9.0905,1.1332,20.5355
3.67,1.3022,-0.3187,4.9546,-1.0795,9.4424,1.1281,21.3837
3.68,1.2996,-0.2612,4.9666,-1.0745,9.7956,1.1241,22.2349
3.69,1.2976,-0.2031,4.9786,-1.0694,10.1502,1.1211,23.0884
3.7,1.2962,-0.1442,4.9904,-1.0642,10.5066,1.1191,23.944
3.71,1.2953,-0.0848,5.0022,-1.0587,10.8644,1.1182,24.8009
3.72,1.2951,-0.0244,5.0138,-1.0531,11.2235,1.1183,25.6577
3.73,1.2954,0.0369,5.0254,-1.0474,11.5848,1.1195,26.5149
3.74,1.2964,0.0994,5.037,-1.0414,11.9475,1.1217,27.3715
3.75,1.2981,0.1629,5.0484,-1.0353,12.312,1.1251,28.2262
3.76,1.3003,0.2276,5.0598,-1.0289,12.6788,1.1296,29.0792
3.77,1.3033,0.2941,5.071,-1.0224,13.0473,1.1353,29.9297
3.78,1.3069,0.3619,5.0823,-1.0157,13.4181,1.1422,30.7767
3.79,1.3112,0.4319,5.0934,-1.0089,13.7907,1.1504,31.6195
3.8,1.3162,0.503,5.1046,-1.0018,14.166,1.1599,32.4576
3.81,1.322,0.5773,5.1156,-0.9946,14.5436,1.1707,33.2907
3.82,1.3285,0.6537,5.1266,-0.9871,14.9234,1.183,34.1174
3.83,1.3359,0.732,5.1376,-0.9794,15.3063,1.1967,34.9377
3.84,1.344,0.8151,5.1485,-0.9716,15.6915,1.2121,35.7508
3.85,1.353,0.8996,5.1593,-0.9635,16.0799,1.2291,36.5558
3.86,1.3629,0.9895,5.1702,-0.9553,16.4709,1.2479,37.3522
3.87,1.3737,1.0819,5.181,-0.9468,16.8656,1.2686,38.1396
3.88,1.3855,1.181,5.1917,-0.9381,17.2634,1.2914,38.9174
3.89,1.3984,1.284,5.2025,-0.9292,17.6648,1.3163,39.6849
3.9,1.4123,1.3929,5.2133,-0.92,18.0702,1.3436,40.4419
3.91,1.4272,1.4849,5.224,-0.9106,18.4793,1.3735,41.1875
3.92,1.4422,1.4997,5.2347,-0.901,18.8924,1.4062,41.9208
3.93,1.4572,1.5011,5.2454,-0.8911,19.3086,1.4419,42.6404
3.94,1.4722,1.4992,5.2561,-0.881,19.7289,1.4808,43.3456
3.95,1.4872,1.4999,5.2668,-0.8706,20.1528,1.5233,44.0358
3.96,1.5022,1.5005,5.2775,-0.8601,20.5799,1.5697,44.7096
3.97,1.5172,1.4995,5.2882,-0.8493,21.0105,1.6204,45.3663
3.98,1.5322,1.5009,5.2988,-0.8383,21.4439,1.6759,46.0048
3.99,1.5472,1.4991,5.3094,-0.827,21.8808,1.7365,46.6245
4,1.5622,1.5005,5.3201,-0.8155,22.3205,1.803,47.2248
4.01,1.5772,1.5003,5.3306,-0.8039,22.7628,1.8759,47.8047
4.02,1.5922,1.4994,5.3412,-0.792,23.2083,1.9562,48.364
4.03,1.6072,1.5008,5.3518,-0.7799,23.6561,2.0448,48.9019
4.04,1.6222,1.4999,5.3623,-0.7675,24.1065,2.1427,49.4178
4.05,1.6372,1.4997,5.3729,-0.755,24.5597,2.2514,49.9117
4.06,1.6522,1.4996,5.3834,-0.7423,25.0155,2.3728,50.3832
4.07,1.6672,1.501,5.3939,-0.7294,25.4732,2.5086,50.8317
4.08,1.6822,1.4994,5.4045,-0.7162,25.9335,2.6614,51.2569
4.09,1.6972,1.5,5.415,-0.7029,26.3961,2.8345,51.6589
4.1,1.7122,1.5006,5.4255,-0.6894,26.8605,3.0318,52.0371
4.11,1.7272,1.4998,5.4361,-0.6757,27.3271,3.2584,52.3915
4.12,1.7422,1.4997,5.4466,-0.6619,27.796,3.5215,52.7221
4.13,1.7572,1.5003,5.4572,-0.6478,28.2667,3.8302,53.0287
4.14,1.7722,1.4995,5.4678,-0.6336,28.7397,4.1973,53.3113
4.15,1.7872,1.5009,5.4784,-0.6193,29.214,4.6396,53.5698
4.16,1.8022,1.4994,5.489,-0.6047,29.6905,5.1845,53.804
4.17,1.8172,1.5001,5.4997,-0.59,30.1689,5.8689,54.0143
4.18,1.8322,1.5,5.5104,-0.5752,30.649,6.7562,54.2004
4.19,1.8472,1.4999,5.5212,-0.5601,31.131,7.9489,54.3625
4.2,1.8622,1.4999,5.532,-0.545,31.6147,9.6455,54.5006
4.21,1.8704,0.8194,5.5428,-0.5297,32.0985,12.2178,54.6145
4.22,1.857,-1.3404,5.5536,-0.5146,32.5764,16.5423,54.7038
4.23,1.842,-1.4999,5.5642,-0.4995,33.0484,25.2444,54.769
4.24,1.827,-1.5007,5.5747,-0.4846,33.5142,52.0293,54.8112
4.25,1.812,-1.4994,5.5852,-0.4698,33.9745,321.4725,54.8314
4.26,1.797,-1.5002,5.5955,-0.4551,34.429,50.1308,54.8308
4.27,1.782,-1.4996,5.6058,-0.4405,34.8781,26.0473,54.8104
4.28,1.767,-1.5004,5.616,-0.4261,35.3214,17.8458,54.7711
4.29,1.752,-1.4998,5.6261,-0.4118,35.7592,13.7158,54.7139
4.3,1.737,-1.4999,5.6361,-0.3976,36.1917,11.2074,54.6397
4.31,1.722,-1.5008,5.6461,-0.3836,36.6183,9.5459,54.5494
4.32,1.707,-1.4993,5.6561,-0.3697,37.0399,8.3506,54.4438
4.33,1.692,-1.5002,5.6659,-0.356,37.4562,7.4551,54.3236
4.34,1.677,-1.5003,5.6757,-0.3424,37.867,6.7588,54.1897
4.35,1.662,-1.4996,5.6855,-0.3289,38.2729,6.2019,54.0427
4.36,1.647,-1.5005,5.6952,-0.3156,38.6734,5.7465,53.8835
4.37,1.632,-1.4997,5.7049,-0.3025,39.069,5.3674,53.7126
4.38,1.617,-1.4998,5.7145,-0.2895,39.4596,5.0472,53.5306
4.39,1.602,-1.4999,5.724,-0.2766,39.8452,4.7727,53.3383
4.4,1.587,-1.5009,5.7336,-0.2639,40.2255,4.5367,53.1363
4.41,1.572,-1.4992,5.743,-0.2514,40.6012,4.3299,52.9252
4.42,1.557,-1.5002,5.7525,-0.239,40.972,4.1477,52.7053
4.43,1.542,-1.5002,5.7619,-0.2268,41.3379,3.987,52.4775
4.44,1.527,-1.4994,5.7712,-0.2147,41.6992,3.8432,52.2421
4.45,1.512,-1.5004,5.7805,-0.2028,42.0556,3.7148,51.9996
4.46,1.497,-1.5005,5.7898,-0.191,42.4071,3.5989,51.7507
4.47,1.482,-1.4996,5.799,-0.1794,42.754,3.4942,51.4958
4.48,1.467,-1.4997,5.8082,-0.168,43.0965,3.399,51.2352
4.49,1.452,-1.5007,5.8173,-0.1567,43.434,3.3125,50.9695
4.5,1.437,-1.4988,5.8264,-0.1456,43.7674,3.2333,50.6991
4.51,1.422,-1.5009,5.8355,-0.1346,44.0959,3.1607,50.4242
4.52,1.407,-1.5,5.8445,-0.1238,44.4199,3.0942,50.1457
4.53,1.392,-1.5,5.8535,-0.1132,44.7394,3.0329,49.8636
4.54,1.3771,-1.4833,5.8624,-0.1027,44.8375,1.2556,49.5709
4.55,1.3733,-0.3818,5.8714,-0.0923,43.8983,1.2591,48.9565
4.56,1.3752,0.1911,5.8806,-0.0821,42.9566,1.2626,48.1738
4.57,1.3772,0.1933,5.8899,-0.0719,42.0124,1.2662,47.393
4.58,1.3791,0.1947,5.8994,-0.0619,41.0655,1.2698,46.6141
4.59,1.3811,0.1954,5.909,-0.052,40.1161,1.2734,45.8371
4.6,1.383,0.1952,5.9188,-0.0422,39.1627,1.2769,45.0615
4.61,1.385,0.1944,5.9287,-0.0326,38.2069,1.2805,44.2873
4.62,1.3869,0.1927,5.9388,-0.023,37.2484,1.2841,43.5148
4.63,1.3888,0.1902,5.949,-0.0136,36.2873,1.2876,42.7442
4.64,1.3907,0.1868,5.9593,-0.0043,35.3224,1.291,41.9748
4.65,1.3925,0.1828,5.9698,0.0049,34.3562,1.2943,41.207
4.66,1.3943,0.1776,5.9804,0.0139,33.3861,1.2976,40.4409
4.67,1.396,0.1719,5.9911,0.0229,32.4135,1.3007,39.6758
4.68,1.3976,0.1652,6.002,0.0316,31.4382,1.3037,38.9122
4.69,1.3992,0.1576,6.013,0.0403,30.4604,1.3066,38.1499
4.7,1.4007,0.1493,6.0242,0.0488,29.48,1.3093,37.3889
4.71,1.4021,0.14,6.0354,0.0571,28.497,1.3118,36.6291
4.72,1.4034,0.13,6.0468,0.0654,27.5128,1.3142,35.8708
4.73,1.4046,0.1189,6.0583,0.0734,26.5246,1.3163,35.1134
4.74,1.4057,0.1073,6.0699,0.0814,25.5339,1.3182,34.3563
4.75,1.4066,0.0947,6.0816,0.0892,24.5419,1.3198,33.6003
4.76,1.4074,0.0813,6.0934,0.0968,23.5473,1.3212,32.8453
4.77,1.4081,0.0671,6.1053,0.1043,22.5501,1.3224,32.0906
4.78,1.4086,0.0521,6.1174,0.1116,21.5504,1.3232,31.3361
4.79,1.409,0.0365,6.1295,0.1188,20.5493,1.3237,30.5821
4.8,1.4092,0.02,6.1417,0.1258,19.5457,1.3239,29.8284
4.81,1.4092,0.0028,6.154,0.1326,18.5408,1.3238,29.0748
4.82,1.4091,-0.015,6.1664,0.1393,17.5333,1.3234,28.3212
4.83,1.4087,-0.0335,6.1789,0.1458,16.5245,1.3226,27.5672
4.84,1.4082,-0.0526,6.1915,0.1522,15.5145,1.3214,26.8133
4.85,1.4075,-0.0722,6.2041,0.1584,14.5018,1.3199,26.0586
4.86,1.4065,-0.0925,6.2169,0.1644,13.4879,1.3179,25.303
4.87,1.4054,-0.1131,6.2296,0.1702,12.4726,1.3156,24.5467
4.88,1.4041,-0.1343,6.2425,0.1759,11.4561,1.3129,23.7895
4.89,1.4025,-0.1559,6.2554,0.1814,10.4396,1.3098,23.0317
4.9,1.4007,-0.1775,6.2684,0.1867,9.4205,1.3062,22.2724
4.91,1.3987,-0.1998,6.2814,0.1918,8.4001,1.3023,21.5109
4.92,1.3965,-0.2224,6.2944,0.1968,7.3797,1.298,20.748
4.93,1.3941,-0.2448,6.3075,0.2015,6.358,1.2932,19.9834
4.94,1.3914,-0.2677,6.3207,0.2061,5.3364,1.288,19.2167
4.95,1.3885,-0.2903,6.3338,0.2105,4.3134,1.2824,18.4478
4.96,1.3854,-0.3131,6.347,0.2147,3.2891,1.2764,17.6759
4.97,1.382,-0.3362,6.3603,0.2187,2.2662,1.27,16.9016
4.98,1.3784,-0.3584,6.3735,0.2225,1.2419,1.2633,16.1246
4.99,1.3746,-0.381,6.3868,0.2262,0.2176,1.2561,15.3442
5,1.3706,-0.4032,6.4,0.2296,-0.8066,1.2485,14.5606
5.01,1.3663,-0.425,6.4133,0.2329,-1.8309,1.2406,13.7734
5.02,1.3619,-0.4465,6.4266,0.2359,-2.8551,1.2323,12.9823
5.03,1.3572,-0.4675,6.4398,0.2388,-3.8794,1.2236,12.187
5.04,1.3523,-0.4883,6.4531,0.2415,-4.9024,1.2146,11.3878
5.05,1.3472,-0.508,6.4663,0.2439,-5.9253,1.2053,10.5842
5.06,1.3419,-0.5273,6.4796,0.2462,-6.9483,1.1957,9.7755
5.07,1.3365,-0.5463,6.4928,0.2483,-7.97,1.1858,8.9618
5.08,1.3308,-0.5642,6.5059,0.2502,-8.9904,1.1757,8.1434
5.09,1.325,-0.5809,6.5191,0.2519,-10.0108,1.1653,7.3194
5.1,1.3191,-0.5976,6.5322,0.2534,-11.0299,1.1546,6.4895
5.11,1.3129,-0.6126,6.5452,0.2547,-12.049,1.1437,5.6534
5.12,1.3066,-0.6278,6.5583,0.2558,-13.0655,1.1327,4.8112
5.13,1.3002,-0.6405,6.5712,0.2567,-14.082,1.1215,3.9626
5.14,1.2937,-0.6537,6.5842,0.2574,-15.0959,1.1101,3.1074
5.15,1.2871,-0.6643,6.597,0.2579,-16.1099,1.0986,2.2452
5.16,1.2803,-0.6754,6.6098,0.2582,-17.1212,1.087,1.3757
5.17,1.2735,-0.6842,6.6225,0.2583,-18.1313,1.0753,0.4991
5.18,1.2665,-0.6922,6.6352,0.2582,-19.1401,1.0635,-0.3853
5.19,1.2596,-0.6995,6.6478,0.2579,-20.1463,1.0518,-1.2774
5.2,1.2525,-0.7047,6.6603,0.2574,-21.1512,1.04,-2.1774
5.21,1.2454,-0.7092,6.6728,0.2568,-22.1548,1.0281,-3.0862
5.22,1.2383,-0.7128,6.6851,0.2559,-23.1559,1.0164,-4.0035
5.23,1.2311,-0.7144,6.6974,0.2548,-24.1556,1.0046,-4.9296
5.24,1.224,-0.7151,6.7096,0.2536,-25.1541,0.9929,-5.8652
5.25,1.2168,-0.7156,6.7216,0.2522,-26.1487,0.9814,-6.8095
5.26,1.2097,-0.7124,6.7336,0.2505,-27.1433,0.9699,-7.7633
5.27,1.2026,-0.7108,6.7455,0.2487,-28.134,0.9585,-8.7268
5.28,1.1955,-0.7057,6.7573,0.2467,-29.1234,0.9473,-9.6996
5.29,1.1885,-0.7007,6.769,0.2445,-30.1102,0.9363,-10.6825
5.3,1.1816,-0.6936,6.7805,0.2421,-31.0958,0.9254,-11.6757
5.31,1.1747,-0.6862,6.792,0.2395,-32.0788,0.9147,-12.6793
5.32,1.168,-0.6772,6.8034,0.2367,-33.0592,0.9042,-13.6928
5.33,1.1613,-0.6669,6.8146,0.2338,-34.037,0.894,-14.7164
5.34,1.1547,-0.6551,6.8257,0.2307,-35.0135,0.884,-15.7507
5.35,1.1483,-0.643,6.8367,0.2273,-35.9875,0.8742,-16.7959
5.36,1.142,-0.6294,6.8476,0.2238,-36.9589,0.8648,-17.8513
5.37,1.1359,-0.6147,6.8583,0.2202,-37.9276,0.8556,-18.917
5.38,1.1299,-0.5989,6.8689,0.2163,-38.8939,0.8467,-19.9928
5.39,1.1241,-0.5817,6.8794,0.2122,-39.8588,0.8381,-21.0795
5.4,1.1184,-0.5643,6.8898,0.208,-40.8211,0.8298,-22.1771
5.41,1.113,-0.5455,6.9,0.2036,-41.7809,0.8219,-23.2846
5.42,1.1077,-0.5258,6.9101,0.1991,-42.7381,0.8142,-24.402
5.43,1.1027,-0.5051,6.92,0.1943,-43.6927,0.807,-25.529
5.44,1.0978,-0.4836,6.9298,0.1894,-44.6447,0.8001,-26.6655
5.45,1.0932,-0.4608,6.9395,0.1843,-45.5954,0.7935,-27.812
5.46,1.0888,-0.4382,6.949,0.179,-46.5423,0.7873,-28.9674
5.47,1.0847,-0.4136,6.9584,0.1736,-47.4878,0.7815,-30.1314
5.48,1.0808,-0.3891,6.9677,0.1679,-48.4308,0.7761,-31.3044
5.49,1.0772,-0.3635,6.9767,0.1622,-49.3712,0.771,-32.4853
5.5,1.0738,-0.3373,6.9857,0.1562,-50.3091,0.7664,-33.6737
5.51,1.0707,-0.3104,6.9945,0.1501,-51.2443,0.7622,-34.869
5.52,1.0679,-0.2829,7.0031,0.1438,-52.177,0.7583,-36.0708
5.53,1.0653,-0.2547,7.0116,0.1373,-53.1071,0.7549,-37.2786
5.54,1.0631,-0.226,7.0199,0.1307,-54.0346,0.7519,-38.4917
5.55,1.0611,-0.1966,7.0281,0.1239,-54.9608,0.7494,-39.7104
5.56,1.0594,-0.1671,7.0361,0.117,-55.8832,0.7472,-40.9333
5.57,1.0581,-0.1367,7.0439,0.1099,-56.8029,0.7455,-42.1588
5.58,1.057,-0.1059,7.0516,0.1026,-57.7214,0.7442,-43.388
5.59,1.0562,-0.0749,7.0591,0.0952,-58.636,0.7434,-44.6193
5.6,1.0558,-0.0433,7.0664,0.0877,-59.548,0.743,-45.8511
5.61,1.0557,-0.0113,7.0736,0.0799,-60.4588,0.7431,-47.0845
5.62,1.0559,0.021,7.0807,0.072,-61.3657,0.7436,-48.3178
5.63,1.0564,0.0536,7.0875,0.064,-62.2699,0.7446,-49.5494
5.64,1.0573,0.0864,7.0942,0.0558,-63.1729,0.746,-50.7802
5.65,1.0585,0.1197,7.1007,0.0475,-64.0721,0.7479,-52.0087
5.66,1.06,0.1531,7.1071,0.039,-64.9686,0.7503,-53.2332
5.67,1.0619,0.1867,7.1132,0.0303,-65.8626,0.7532,-54.4538
5.68,1.0641,0.2206,7.1192,0.0215,-66.754,0.7566,-55.6698
5.69,1.0667,0.2545,7.1251,0.0126,-67.6441,0.7605,-56.8813
5.7,1.0695,0.2891,7.1307,0.0035,-68.5303,0.7648,-58.0867
5.71,1.0728,0.3233,7.1362,-0.0057,-69.414,0.7697,-59.2844
5.72,1.0764,0.3579,7.1415,-0.0151,-70.295,0.7751,-60.4747
5.73,1.0803,0.3925,7.1466,-0.0246,-71.1735,0.781,-61.6569
5.74,1.0846,0.4272,7.1516,-0.0342,-72.0494,0.7874,-62.8303
5.75,1.0892,0.4621,7.1564,-0.044,-72.9228,0.7944,-63.9943
5.76,1.0941,0.4969,7.161,-0.0539,-73.7935,0.8019,-65.1483
5.77,1.0995,0.5319,7.1654,-0.064,-74.6617,0.8099,-66.2919
5.78,1.1051,0.5669,7.1696,-0.0742,-75.5273,0.8185,-67.4245
5.79,1.1112,0.6015,7.1737,-0.0846,-76.3916,0.8277,-68.5464
5.8,1.1175,0.6374,7.1776,-0.095,-77.252,0.8375,-69.6564
5.81,1.1242,0.6715,7.1813,-0.1056,-78.1111,0.8478,-70.754
5.82,1.1313,0.7071,7.1848,-0.1164,-78.9677,0.8587,-71.8397
5.83,1.1387,0.7421,7.1881,-0.1273,-79.8217,0.8703,-72.9124
5.84,1.1465,0.7772,7.1913,-0.1383,-80.6731,0.8824,-73.9716
5.85,1.1546,0.8116,7.1943,-0.1494,-81.5232,0.8952,-75.0179
5.86,1.1631,0.8471,7.1971,-0.1607,-82.3707,0.9086,-76.0511
5.87,1.1719,0.8814,7.1997,-0.1722,-83.217,0.9226,-77.0709
5.88,1.1808,0.8943,7.2022,-0.1837,-84.0578,1.705,-78.0757
5.89,1.1936,1.281,7.2045,-0.1954,-84.871,1.6821,-78.7733
5.9,1.2086,1.4991,7.2067,-0.2073,-85.6992,1.6589,-79.2546
5.91,1.2236,1.5003,7.2089,-0.2193,-86.5412,1.6355,-79.7501
5.92,1.2386,1.4995,7.211,-0.2315,-87.3983,1.6119,-80.2602
5.93,1.2536,1.5006,7.213,-0.2439,-88.2693,1.5881,-80.7855
5.94,1.2686,1.499,7.2149,-0.2565,-89.1563,1.5642,-81.3267
5.95,1.2836,1.501,7.2167,-0.2692,-90.0573,1.54,-81.8844
5.96,1.2986,1.4994,7.2184,-0.282,-90.9743,1.5158,-82.459
5.97,1.3136,1.5005,7.22,-0.2951,-91.9062,1.4914,-83.0515
5.98,1.3286,1.4998,7.2215,-0.3083,-92.8543,1.467,-83.6625
5.99,1.3436,1.5,7.2228,-0.3217,-93.8183,1.4424,-84.293
6,1.3586,1.5002,7.224,-0.3352,-94.7984,1.4178,-84.9436
6.01,1.3736,1.4996,7.2251,-0.3489,-95.7957,1.3932,-85.6154
6.02,1.3886,1.5006,7.226,-0.3627,-96.809,1.3686,-86.3091
6.03,1.4036,1.4992,7.2267,-0.3768,-97.8404,1.344,-87.0259
6.04,1.412,0.8368,7.2273,-0.3909,-98.8837,1.3196,-87.7651
6.05,1.4005,-1.153,7.2276,-0.4049,-99.9248,1.2957,-88.5201
6.06,1.3878,-1.2705,7.2278,-0.4187,-100.9627,1.2724,-89.2856
6.07,1.3753,-1.2509,7.2278,-0.4325,-101.9985,1.2496,-90.0619
6.08,1.3629,-1.2324,7.2276,-0.4461,-103.03,1.2274,-90.8488
6.09,1.3508,-1.2106,7.2272,-0.4596,-104.0593,1.2058,-91.6462
6.1,1.3389,-1.1899,7.2266,-0.473,-105.0854,1.1847,-92.4548
6.11,1.3272,-1.1678,7.2259,-0.4863,-106.1083,1.1642,-93.2742
6.12,1.3158,-1.145,7.2249,-0.4994,-107.1281,1.1444,-94.1045
6.13,1.3046,-1.1215,7.2238,-0.5124,-108.1446,1.1251,-94.9458
6.14,1.2936,-1.0968,7.2225,-0.5252,-109.1589,1.1064,-95.7986
6.15,1.2829,-1.0719,7.221,-0.538,-110.1711,1.0882,-96.6634
6.16,1.2724,-1.0475,7.2193,-0.5506,-111.1791,1.0707,-97.5393
6.17,1.2622,-1.0197,7.2175,-0.5631,-112.1859,1.0537,-98.4268
6.18,1.2523,-0.9946,7.2154,-0.5754,-113.1885,1.0374,-99.3258
6.19,1.2426,-0.9657,7.2132,-0.5877,-114.1901,1.0216,-100.2365
6.2,1.2332,-0.9394,7.2108,-0.5998,-115.1873,1.0064,-101.1587
6.21,1.2241,-0.9095,7.2083,-0.6117,-116.1835,0.9918,-102.0923
6.22,1.2153,-0.8815,7.2055,-0.6236,-117.1764,0.9777,-103.0379
6.23,1.2068,-0.8515,7.2026,-0.6353,-118.1672,0.9642,-103.9947
6.24,1.1986,-0.8221,7.1995,-0.6469,-119.1549,0.9514,-104.9626
6.25,1.1907,-0.7908,7.1963,-0.6583,-120.1414,0.939,-105.9421
6.26,1.1831,-0.7608,7.1928,-0.6696,-121.1247,0.9273,-106.9328
6.27,1.1758,-0.729,7.1892,-0.6808,-122.1059,0.9161,-107.9342
6.28,1.1688,-0.6973,7.1854,-0.6919,-123.085,0.9055,-108.9463
6.29,1.1622,-0.6652,7.1814,-0.7028,-124.0619,0.8954,-109.9691
6.3,1.1558,-0.6331,7.1773,-0.7136,-125.0356,0.8859,-111.0016
6.31,1.1498,-0.5995,7.173,-0.7242,-126.0082,0.877,-112.044
6.32,1.1442,-0.5666,7.1685,-0.7348,-126.9787,0.8686,-113.0967
6.33,1.1388,-0.5331,7.1638,-0.7452,-127.947,0.8607,-114.1585
6.34,1.1338,-0.4995,7.159,-0.7554,-128.9122,0.8535,-115.2284
6.35,1.1292,-0.4648,7.154,-0.7655,-129.8763,0.8467,-116.3067
6.36,1.1249,-0.4306,7.1488,-0.7755,-130.8382,0.8405,-117.3934
6.37,1.1209,-0.3959,7.1435,-0.7854,-131.798,0.8349,-118.4874
6.38,1.1173,-0.3607,7.1379,-0.7951,-132.7567,0.8297,-119.5888
6.39,1.1141,-0.3259,7.1323,-0.8047,-133.7122,0.8252,-120.6964
6.4,1.1112,-0.2902,7.1264,-0.8141,-134.6656,0.8211,-121.8089
6.41,1.1086,-0.2544,7.1204,-0.8234,-135.6179,0.8176,-122.927
6.42,1.1064,-0.2187,7.1142,-0.8326,-136.568,0.8147,-124.05
6.43,1.1046,-0.1827,7.1078,-0.8416,-137.5161,0.8123,-125.1766
6.44,1.1031,-0.1464,7.1013,-0.8505,-138.4619,0.8104,-126.3062
6.45,1.102,-0.11,7.0946,-0.8593,-139.4067,0.809,-127.4387
6.46,1.1013,-0.0735,7.0877,-0.8679,-140.3494,0.8082,-128.5733
6.47,1.1009,-0.0368,7.0807,-0.8763,-141.2889,0.8079,-129.7081
6.48,1.1009,0,7.0735,-0.8847,-142.2283,0.8082,-130.8437
6.49,1.1013,0.0369,7.0661,-0.8929,-143.1646,0.809,-131.9792
6.5,1.102,0.0739,7.0586,-0.9009,-144.0998,0.8104,-133.1133
6.51,1.1031,0.1111,7.0509,-0.9088,-145.0328,0.8123,-134.2459
6.52,1.1046,0.1483,7.043,-0.9166,-145.9637,0.8147,-135.3757
6.53,1.1065,0.1855,7.035,-0.9242,-146.8925,0.8178,-136.5019
6.54,1.1087,0.2227,7.0268,-0.9317,-147.8201,0.8213,-137.6244
6.55,1.1113,0.2603,7.0185,-0.939,-148.7457,0.8255,-138.7426
6.56,1.1143,0.2977,7.0099,-0.9462,-149.6691,0.8301,-139.8551
6.57,1.1176,0.335,7.0013,-0.9532,-150.5914,0.8354,-140.9619
6.58,1.1214,0.3727,6.9924,-0.9601,-151.5116,0.8413,-142.0625
6.59,1.1255,0.4102,6.9834,-0.9668,-152.4297,0.8477,-143.1554
6.6,1.1299,0.4475,6.9742,-0.9734,-153.3467,0.8547,-144.2407
6.61,1.1348,0.4853,6.9649,-0.9799,-154.2615,0.8624,-145.318
6.62,1.14,0.5226,6.9554,-0.9862,-155.1753,0.8706,-146.3866
6.63,1.1456,0.5605,6.9458,-0.9924,-156.087,0.8794,-147.446
6.64,1.1516,0.598,6.9359,-0.9984,-156.9965,0.8889,-148.4952
6.65,1.158,0.6348,6.926,-1.0043,-157.906,0.899,-149.5348
6.66,1.1647,0.6735,6.9158,-1.01,-158.8123,0.9097,-150.564
6.67,1.1718,0.7097,6.9055,-1.0156,-159.7185,0.9211,-151.5822
6.68,1.1793,0.7481,6.895,-1.021,-160.6227,0.9332,-152.5897
6.69,1.1871,0.785,6.8844,-1.0263,-161.5258,0.9459,-153.5857
6.7,1.1953,0.8229,6.8736,-1.0314,-162.4267,0.9593,-154.5697
6.71,1.2039,0.8593,6.8627,-1.0364,-163.3277,0.9734,-155.5421
6.72,1.2129,0.8976,6.8515,-1.0412,-164.2265,0.9882,-156.5026
6.73,1.2223,0.9343,6.8403,-1.0459,-165.1242,1.0038,-157.4505
6.74,1.232,0.9715,6.8288,-1.0505,-166.0208,1.02,-158.3862
6.75,1.2421,1.0081,6.8172,-1.0548,-166.9175,1.037,-159.31
6.76,1.2525,1.0465,6.8054,-1.0591,-167.812,1.0548,-160.2212
6.77,1.2634,1.0829,6.7934,-1.0632,-168.7055,1.0734,-161.1191
6.78,1.2746,1.1193,6.7813,-1.0671,-169.5989,1.0927,-162.0048
6.79,1.2861,1.1576,6.769,-1.0709,-170.4902,1.1128,-162.8777
6.8,1.2981,1.1923,6.7566,-1.0745,-171.3826,1.1338,-163.7381
6.81,1.3104,1.2314,6.7439,-1.078,-172.2729,1.1556,-164.5862
6.82,1.323,1.2667,6.7311,-1.0813,-173.1631,1.1783,-165.4212
6.83,1.3361,1.3041,6.7182,-1.0845,-174.0523,1.2019,-166.2439
6.84,1.3435,0.7434,6.705,-1.0875,-174.9382,1.2262,-167.0526
6.85,1.3303,-1.3219,6.6921,-1.0903,-175.8049,1.2509,-167.8394
6.86,1.3153,-1.4997,6.6792,-1.0929,-176.6534,1.276,-168.5982
6.87,1.3003,-1.499,6.6664,-1.0953,-177.4848,1.3014,-169.3307
6.88,1.2853,-1.5013,6.6537,-1.0976,-178.297,1.3271,-170.0371
6.89,1.2703,-1.4998,6.6412,-1.0996,-179.092,1.353,-170.7182
6.9,1.2553,-1.4991,6.6288,-1.1015,-179.8709,1.3792,-171.3759
6.91,1.2403,-1.5005,6.6165,-1.1032,179.3672,1.4055,-172.0109
6.92,1.2253,-1.5009,6.6043,-1.1048,178.6225,1.4321,-172.6234
6.93,1.2103,-1.4991,6.5923,-1.1062,177.8928,1.4588,-173.2149
6.94,1.1953,-1.5005,6.5804,-1.1075,177.1791,1.4856,-173.7864
6.95,1.1803,-1.4998,6.5687,-1.1087,176.4804,1.5126,-174.3384
6.96,1.1653,-1.5001,6.5571,-1.1097,175.7966,1.5396,-174.8718
6.97,1.1503,-1.5005,6.5456,-1.1106,175.1279,1.5667,-175.3872
6.98,1.1353,-1.4996,6.5343,-1.1115,174.4731,1.5939,-175.8854
6.99,1.1203,-1.4999,6.5231,-1.1122,173.8321,1.6211,-176.3673
7,1.1053,-1.5003,6.5121,-1.1128,173.2051,1.6483,-176.8332
7.01,1.0903,-1.5006,6.5012,-1.1133,172.592,1.6755,-177.2837
7.02,1.0753,-1.4983,6.4904,-1.1137,171.9907,1.7027,-177.7199
7.03,1.0603,-1.5013,6.4798,-1.1141,171.4032,1.7298,-178.1421
7.04,1.0453,-1.5003,6.4694,-1.1143,170.8286,1.7568,-178.5503
7.05,1.0303,-1.4992,6.4591,-1.1145,170.2658,1.7838,-178.9456
7.06,1.0153,-1.5009,6.4489,-1.1146,169.7158,1.8107,-179.3283
7.07,1.0003,-1.4998,6.4389,-1.1147,169.1776,1.8375,-179.6987
7.08,0.988,-1.2294,6.4291,-1.1146,169.042,0.6492,179.705
7.09,0.9863,-0.1651,6.4192,-1.1144,169.1053,0.6481,178.3391
7.1,0.9858,-0.0512,6.4094,-1.1138,169.1689,0.6479,176.911
7.11,0.986,0.0141,6.3995,-1.113,169.2325,0.6485,175.4828
7.12,0.9868,0.0796,6.3897,-1.112,169.2966,0.6499,174.0565
7.13,0.9882,0.1457,6.3799,-1.1108,169.3608,0.6523,172.6332
7.14,0.9903,0.2119,6.3701,-1.1092,169.4254,0.6555,171.2151
7.15,0.9931,0.279,6.3604,-1.1075,169.4901,0.6597,169.8054
7.16,0.9966,0.3457,6.3506,-1.1055,169.5551,0.6647,168.4063
7.17,1.0007,0.4137,6.3408,-1.1032,169.6203,0.6707,167.0185
7.18,1.0055,0.4817,6.3311,-1.1007,169.6859,0.6776,165.644
7.19,1.011,0.5511,6.3214,-1.098,169.7516,0.6855,164.2847
7.2,1.0173,0.6208,6.3116,-1.095,169.8176,0.6944,162.9434
7.21,1.0242,0.6907,6.3019,-1.0918,169.884,0.7043,161.6206
7.22,1.0318,0.762,6.2922,-1.0883,169.9506,0.7153,160.3168
7.23,1.0401,0.835,6.2825,-1.0846,170.0175,0.7274,159.0344
7.24,1.0492,0.9077,6.2728,-1.0806,170.0847,0.7406,157.7746
7.25,1.059,0.9816,6.2631,-1.0764,170.1524,0.755,156.5368
7.26,1.0696,1.0592,6.2533,-1.0719,170.2202,0.7706,155.3228
7.27,1.081,1.1359,6.2436,-1.0672,170.2884,0.7876,154.1347
7.28,1.0931,1.214,6.2339,-1.0623,170.3571,0.8058,152.9713
7.29,1.1061,1.2949,6.2241,-1.057,170.4261,0.8256,151.8324
7.3,1.1198,1.3789,6.2144,-1.0516,170.4956,0.8468,150.7198
7.31,1.1345,1.4592,6.2046,-1.0458,170.5655,0.8696,149.633
7.32,1.1494,1.5,6.1948,-1.0398,170.6358,0.894,148.5727
7.33,1.1644,1.4997,6.185,-1.0336,170.7065,0.9202,147.5399
7.34,1.1794,1.4995,6.1751,-1.0271,170.7777,0.9482,146.5341
7.35,1.1944,1.5004,6.1653,-1.0203,170.8492,0.9781,145.5564
7.36,1.2094,1.5002,6.1554,-1.0133,170.921,1.0101,144.6074
7.37,1.2244,1.5,6.1455,-1.0061,170.9932,1.0441,143.6872
7.38,1.2394,1.4998,6.1357,-0.9986,171.0657,1.0804,142.7955
7.39,1.2544,1.5008,6.1258,-0.9908,171.1384,1.1191,141.9328
7.4,1.2694,1.4995,6.1159,-0.9829,171.2114,1.1602,141.0988
7.41,1.2844,1.4994,6.106,-0.9747,171.2848,1.2041,140.2925
7.42,1.2994,1.5015,6.0962,-0.9662,171.3583,1.2506,139.5146
7.43,1.3144,1.4992,6.0863,-0.9576,171.4321,1.3002,138.7648
7.44,1.3294,1.4991,6.0764,-0.9487,171.5062,1.3531,138.0414
7.45,1.3445,1.5012,6.0665,-0.9396,171.5805,1.4093,137.3451
7.46,1.3594,1.5001,6.0566,-0.9302,171.655,1.4692,136.6757
7.47,1.3744,1.5,6.0467,-0.9207,171.7297,1.533,136.0323
7.48,1.3894,1.4989,6.0368,-0.9109,171.8047,1.6012,135.4138
7.49,1.4045,1.5011,6.0269,-0.901,171.8798,1.6739,134.8201
7.5,1.4194,1.5,6.017,-0.8908,171.9552,1.7516,134.2512
7.51,1.4344,1.5,6.0071,-0.8805,172.0307,1.8348,133.706
7.52,1.4494,1.4989,5.9972,-0.8699,172.1066,1.9242,133.1836
7.53,1.4645,1.5011,5.9872,-0.8591,172.1826,2.02,132.684
7.54,1.4794,1.5,5.9773,-0.8482,172.2589,2.1231,132.207
7.55,1.4944,1.5,5.9674,-0.837,172.3353,2.2344,131.7518
7.56,1.5094,1.499,5.9574,-0.8257,172.4121,2.3548,131.3174
7.57,1.5244,1.5012,5.9474,-0.8142,172.489,2.4852,130.9039
7.58,1.5394,1.4991,5.9374,-0.8024,172.5662,2.6273,130.5109
7.59,1.5544,1.5002,5.9274,-0.7906,172.6436,2.7824,130.1375
7.6,1.5694,1.5003,5.9173,-0.7785,172.7213,2.9523,129.7838
7.61,1.5844,1.4993,5.9073,-0.7663,172.7993,3.1397,129.449
7.62,1.5994,1.5015,5.8972,-0.7539,172.8774,3.3466,129.1332
7.63,1.6144,1.4984,5.8871,-0.7413,172.9559,3.5775,128.8357
7.64,1.6294,1.5005,5.8769,-0.7285,173.0347,3.8362,128.556
7.65,1.6444,1.5006,5.8667,-0.7156,173.1137,4.128,128.2944
7.66,1.6594,1.4996,5.8565,-0.7026,173.193,4.4604,128.0503
7.67,1.6744,1.4997,5.8462,-0.6893,173.2726,4.8426,127.8234
7.68,1.6894,1.4998,5.8359,-0.676,173.3526,5.2874,127.6134
7.69,1.7044,1.4999,5.8256,-0.6624,173.4329,5.8116,127.4203
7.7,1.7194,1.5,5.8151,-0.6487,173.5135,6.4394,127.2438
7.71,1.7344,1.5001,5.8047,-0.6349,173.5945,7.2061,127.0838
7.72,1.7494,1.5002,5.7942,-0.6209,173.6758,8.1642,126.9403
7.73,1.7644,1.4993,5.7836,-0.6068,173.7575,9.3982,126.8131
7.74,1.7794,1.5004,5.773,-0.5925,173.8396,11.0532,126.7021
7.75,1.7944,1.4995,5.7623,-0.5781,173.9221,13.3827,126.6073
7.76,1.8094,1.5006,5.7515,-0.5636,174.0049,16.9246,126.5287
7.77,1.8244,1.4998,5.7407,-0.5489,174.0882,22.9773,126.4663
7.78,1.8394,1.4999,5.7297,-0.5341,174.1719,35.6256,126.4201
7.79,1.8544,1.499,5.7187,-0.5192,174.2561,79.4814,126.3902
7.8,1.8694,1.5011,5.7076,-0.5041,174.3407,364.6851,126.3767
7.81,1.8844,1.4993,5.6965,-0.4889,174.4259,55.0709,126.3798
7.82,1.8994,1.5004,5.6852,-0.4737,174.5114,30.0549,126.3996
7.83,1.9144,1.4996,5.6738,-0.4583,174.5976,20.7361,126.4362
7.84,1.9294,1.5007,5.6623,-0.4428,174.6841,15.8564,126.49
7.85,1.9444,1.4998,5.6508,-0.4271,174.7713,12.8432,126.5612
7.86,1.9594,1.4991,5.6391,-0.4114,174.859,10.7982,126.65
7.87,1.9744,1.5011,5.6273,-0.3956,174.9473,9.3202,126.7569
7.88,1.9894,1.4984,5.6153,-0.3797,175.0363,8.1929,126.8822
7.89,2.0042,1.4811,5.6032,-0.3637,175.1257,7.3095,127.0264
7.9,2.001,-0.3281,5.5911,-0.3477,175.215,6.5987,127.1889
7.91,1.986,-1.5007,5.5791,-0.332,175.3036,6.0187,127.3688
7.92,1.971,-1.499,5.5671,-0.3163,175.3915,5.5347,127.5654
7.93,1.9559,-1.5001,5.5551,-0.3009,175.4789,5.1242,127.7784
7.94,1.9409,-1.5012,5.5432,-0.2856,175.5655,4.7718,128.0075
7.95,1.9259,-1.4985,5.5312,-0.2704,175.6516,4.4642,128.2526
7.96,1.9109,-1.5015,5.5193,-0.2555,175.7369,4.1943,128.5135
7.97,1.8959,-1.4987,5.5074,-0.2407,175.8219,3.9544,128.7902
7.98,1.8809,-1.5008,5.4956,-0.2261,175.9061,3.7401,129.0825
7.99,1.8659,-1.4999,5.4837,-0.2117,175.9898,3.547,129.3902
8,1.8509,-1.5,5.4719,-0.1975,176.073,3.3721,129.7134
8.01,1.8359,-1.5001,5.4601,-0.1834,176.1556,3.2129,130.0519
8.02,1.8209,-1.4992,5.4483,-0.1695,176.2378,3.0669,130.4059
8.03,1.8059,-1.5013,5.4365,-0.1559,176.3193,2.9331,130.7751
8.04,1.7909,-1.4993,5.4247,-0.1424,176.4004,2.8094,131.1594
8.05,1.7759,-1.5004,5.4129,-0.1291,176.4809,2.695,131.5589
8.06,1.7609,-1.4995,5.4012,-0.116,176.561,2.5887,131.9738
8.07,1.7459,-1.5005,5.3894,-0.1031,176.6405,2.4897,132.4038
8.08,1.7309,-1.4995,5.3776,-0.0904,176.7196,2.3973,132.849
8.09,1.7159,-1.5006,5.3659,-0.0779,176.7981,2.3109,133.3093
8.1,1.701,-1.4996,5.3541,-0.0657,176.8762,2.2299,133.7847
8.11,1.6859,-1.4996,5.3423,-0.0536,176.9539,2.1538,134.2755
8.12,1.6709,-1.5007,5.3305,-0.0417,177.031,2.0823,134.7813
8.13,1.656,-1.4996,5.3188,-0.0301,177.1077,2.0149,135.302
8.14,1.6409,-1.4996,5.307,-0.0186,177.1839,1.9514,135.8381
8.15,1.6259,-1.5007,5.2952,-0.0074,177.2596,1.8915,136.389
8.16,1.6109,-1.4996,5.2834,0.0036,177.3348,1.8348,136.9547
8.17,1.5959,-1.4996,5.2717,0.0143,177.4096,1.7813,137.5355
8.18,1.5809,-1.5007,5.2599,0.0249,177.4839,1.7306,138.1309
8.19,1.5659,-1.4995,5.2481,0.0352,177.5577,1.6827,138.7409
8.2,1.5509,-1.5006,5.2364,0.0453,177.6309,1.6373,139.3652
8.21,1.5359,-1.4994,5.2246,0.0552,177.7037,1.5943,140.0037
8.22,1.5209,-1.5005,5.2128,0.0648,177.776,1.5536,140.6563
8.23,1.5059,-1.4993,5.2011,0.0743,177.8478,1.515,141.3229
8.24,1.4909,-1.5015,5.1893,0.0834,177.919,1.4785,142.0026
8.25,1.4759,-1.4979,5.1776,0.0924,177.9899,1.4439,142.6958
8.26,1.4609,-1.5013,5.1659,0.1011,178.06,1.4112,143.4022
8.27,1.4459,-1.5001,5.1541,0.1095,178.1297,1.3802,144.1204
8.28,1.4309,-1.4988,5.1424,0.1178,178.1989,1.3508,144.8513
8.29,1.416,-1.4912,5.1308,0.1258,178.2674,1.3231,145.5939
8.3,1.4017,-1.435,5.1191,0.1336,178.3355,1.2968,146.3479
8.31,1.388,-1.3714,5.1074,0.1411,178.403,1.272,147.1135
8.32,1.3749,-1.3086,5.0958,0.1484,178.47,1.2486,147.8897
8.33,1.3624,-1.2465,5.0841,0.1555,178.5366,1.2265,148.6767
8.34,1.3505,-1.187,5.0725,0.1624,178.6027,1.2057,149.4748
8.35,1.3393,-1.13,5.0609,0.169,178.6682,1.186,150.2829
8.36,1.3285,-1.0716,5.0493,0.1754,178.7335,1.1675,151.1012
8.37,1.3184,-1.0171,5.0376,0.1816,178.7982,1.1501,151.9299
8.38,1.3087,-0.962,5.026,0.1876,178.8627,1.1338,152.7686
8.39,1.2996,-0.9095,5.0143,0.1934,178.9267,1.1185,153.6169
8.4,1.2911,-0.8572,5.0027,0.1989,178.9903,1.1042,154.4735
8.41,1.283,-0.8052,4.991,0.2043,179.0536,1.0909,155.3387
8.42,1.2755,-0.7539,4.9793,0.2094,179.1166,1.0784,156.2134
8.43,1.2684,-0.7054,4.9677,0.2144,179.1792,1.0669,157.0963
8.44,1.2619,-0.6556,4.956,0.2191,179.2414,1.0563,157.9861
8.45,1.2558,-0.6071,4.9443,0.2236,179.3034,1.0466,158.8831
8.46,1.2502,-0.5592,4.9325,0.2279,179.365,1.0376,159.7866
8.47,1.2451,-0.5113,4.9208,0.2321,179.4263,1.0295,160.6969
8.48,1.2405,-0.4649,4.909,0.236,179.4874,1.0222,161.6133
8.49,1.2363,-0.4181,4.8972,0.2397,179.5482,1.0157,162.5353
8.5,1.2325,-0.3724,4.8854,0.2432,179.6087,1.01,163.4622
8.51,1.2293,-0.3265,4.8736,0.2465,179.669,1.005,164.3934
8.52,1.2265,-0.2815,4.8617,0.2496,179.729,1.0007,165.3282
8.53,1.2241,-0.2363,4.8498,0.2525,179.7887,0.9973,166.2659
8.54,1.2222,-0.1917,4.8379,0.2552,179.8482,0.9945,167.2068
8.55,1.2207,-0.1474,4.8259,0.2577,179.9075,0.9925,168.1502
8.56,1.2197,-0.1034,4.814,0.26,179.9664,0.9911,169.0946
8.57,1.2207,0.1026,4.8019,0.2622,-179.9041,3.0988,169.9757
8.58,1.233,1.233,4.7898,0.2642,-179.6805,3.1692,170.3359
8.59,1.248,1.5018,4.7775,0.2663,-179.4559,3.2412,170.5795
8.6,1.263,1.4988,4.765,0.2683,-179.2296,3.3151,170.82
8.61,1.278,1.5002,4.7524,0.2703,-179.0019,3.3907,171.0576
8.62,1.293,1.4987,4.7396,0.2722,-178.7724,3.4683,171.2925
8.63,1.308,1.5016,4.7267,0.2742,-178.542,3.5476,171.5243
8.64,1.323,1.5001,4.7136,0.2761,-178.3102,3.6286,171.7529
8.65,1.338,1.4986,4.7003,0.2779,-178.0767,3.7118,171.9787
8.66,1.353,1.5014,4.6869,0.2798,-177.8422,3.7967,172.2016
8.67,1.368,1.4985,4.6733,0.2816,-177.606,3.8839,172.4216
8.68,1.383,1.5014,4.6596,0.2833,-177.3688,3.9728,172.6386
8.69,1.398,1.4999,4.6458,0.2851,-177.1303,4.0638,172.8526
8.7,1.413,1.4985,4.6317,0.2868,-176.89,4.1571,173.064
8.71,1.428,1.5013,4.6176,0.2885,-176.6488,4.2523,173.2726
8.72,1.443,1.4998,4.6032,0.2901,-176.4063,4.3498,173.4782
8.73,1.458,1.5012,4.5887,0.2917,-176.1629,4.4492,173.6809
8.74,1.473,1.4984,4.5741,0.2933,-175.9176,4.5512,173.8809
8.75,1.488,1.4998,4.5593,0.2948,-175.671,4.6554,174.0783
8.76,1.503,1.5011,4.5443,0.2963,-175.4235,4.7621,174.273
8.77,1.518,1.4997,4.5292,0.2978,-175.1747,4.8709,174.4648
8.78,1.533,1.4997,4.514,0.2992,-174.9245,4.9822,174.654
8.79,1.548,1.4997,4.4985,0.3006,-174.6729,5.0961,174.8407
8.8,1.563,1.501,4.483,0.3019,-174.4205,5.2123,175.0246
8.81,1.578,1.4984,4.4672,0.3033,-174.1662,5.3313,175.2061
8.82,1.593,1.501,4.4514,0.3045,-173.9111,5.4531,175.3851
8.83,1.608,1.4997,4.4353,0.3058,-173.6545,5.5773,175.5614
8.84,1.623,1.501,4.4192,0.307,-173.3971,5.7042,175.7352
8.85,1.638,1.4984,4.4028,0.3082,-173.1379,5.8341,175.9065
8.86,1.653,1.501,4.3863,0.3093,-172.8778,5.9666,176.0755
8.87,1.668,1.4997,4.3697,0.3104,-172.6164,6.1024,176.242
8.88,1.683,1.501,4.3529,0.3114,-172.354,6.2411,176.4061
8.89,1.698,1.4997,4.3359,0.3125,-172.0903,6.3826,176.5677
8.9,1.713,1.4984,4.3188,0.3134,-171.8248,6.5276,176.7272
8.91,1.728,1.5022,4.3016,0.3144,-171.5589,6.6753,176.8843
8.92,1.743,1.4984,4.2842,0.3153,-171.2911,6.8269,177.039
8.93,1.758,1.4997,4.2666,0.3161,-171.022,6.9815,177.1917
8.94,1.773,1.501,4.2489,0.317,-170.752,7.14,177.3421
8.95,1.788,1.4997,4.231,0.3177,-170.4807,7.302,177.4902
8.96,1.803,1.501,4.213,0.3185,-170.2084,7.4668,177.636
8.97,1.818,1.4985,4.1949,0.3192,-169.9344,7.6362,177.7798
8.98,1.833,1.501,4.1765,0.3199,-169.6594,7.8091,177.9214
8.99,1.848,1.4986,4.1581,0.3205,-169.3827,7.9862,178.061
9,1.863,1.501,4.1394,0.3211,-169.105,8.1671,178.1986
9.01,1.878,1.4998,4.1207,0.3216,-168.826,8.3522,178.334
9.02,1.893,1.501,4.1018,0.3221,-168.5461,8.5419,178.4673
9.03,1.908,1.4986,4.0827,0.3226,-168.2644,8.7348,178.5986
9.04,1.923,1.4999,4.0634,0.323,-167.9814,8.9347,178.728
9.05,1.938,1.5011,4.0441,0.3234,-167.6974,9.1382,178.8554
9.06,1.953,1.4987,4.0245,0.3237,-167.4117,9.3479,178.9808
9.07,1.968,1.5011,4.0049,0.3241,-167.125,9.5594,179.1044
9.08,1.983,1.5,3.985,0.3243,-166.837,9.7785,179.2259
9.09,1.998,1.4988,3.9651,0.3246,-166.5472,10.004,179.3457
9.1,2.013,1.5012,3.9449,0.3247,-166.2565,10.2325,179.4635
9.11,2.028,1.4989,3.9246,0.3249,-165.964,10.4692,179.5795
9.12,2.043,1.5012,3.9042,0.325,-165.6706,10.7084,179.6937
9.13,2.058,1.499,3.8836,0.3251,-165.3754,10.9604,179.806
9.14,2.073,1.5001,3.8629,0.3251,-165.0789,11.2126,179.9166
9.15,2.088,1.5002,3.842,0.3251,-164.781,11.4737,-179.9746
9.16,2.103,1.5002,3.821,0.325,-164.4817,11.7439,-179.8677
9.17,2.118,1.5002,3.7998,0.325,-164.1811,12.0212,-179.7625
9.18,2.133,1.4992,3.7785,0.3248,-163.8787,12.3055,-179.659
9.19,2.148,1.5003,3.757,0.3247,-163.575,12.5968,-179.5572
9.2,2.163,1.5003,3.7354,0.3245,-163.2699,12.8982,-179.4572
9.21,2.178,1.4993,3.7136,0.3242,-162.963,13.2103,-179.3588
9.22,2.193,1.5004,3.6917,0.3239,-162.6547,13.5297,-179.2622
9.23,2.208,1.5005,3.6696,0.3236,-162.3451,13.8604,-179.1672
9.24,2.223,1.4994,3.6474,0.3232,-162.0337,14.2028,-179.074
9.25,2.238,1.4995,3.625,0.3228,-161.7205,14.548,-178.9823
9.26,2.253,1.5006,3.6025,0.3224,-161.406,14.9148,-178.8923
9.27,2.268,1.4996,3.5798,0.3219,-161.0896,15.2895,-178.804
9.28,2.283,1.5007,3.557,0.3214,-160.7719,15.6772,-178.7173
9.29,2.298,1.4997,3.534,0.3209,-160.4524,16.0785,-178.6322
9.3,2.313,1.4997,3.5109,0.3203,-160.1311,16.5006,-178.5488
9.31,2.328,1.4998,3.4876,0.3197,-159.808,16.9307,-178.467
9.32,2.343,1.4999,3.4642,0.319,-159.4831,17.3837,-178.3867
9.33,2.358,1.4999,3.4406,0.3183,-159.1564,17.8617,-178.3081
9.34,2.373,1.501,3.4169,0.3176,-158.8284,18.3487,-178.2312
9.35,2.388,1.499,3.393,0.3168,-158.4981,18.8631,-178.1558
9.36,2.4028,1.4767,3.369,0.316,-158.166,19.4079,-178.0821
9.37,2.3993,-0.3506,3.345,0.3152,-157.8348,19.9502,-178.0102
9.38,2.3843,-1.5001,3.3212,0.3143,-157.5058,20.5365,-177.9407
9.39,2.3693,-1.4992,3.2975,0.3134,-157.1787,21.1309,-177.8735
9.4,2.3543,-1.5003,3.274,0.3125,-156.8538,21.7454,-177.8087
9.41,2.3393,-1.5004,3.2506,0.3116,-156.5311,22.3966,-177.7461
9.42,2.3243,-1.5004,3.2274,0.3107,-156.2107,23.07,-177.6858
9.43,2.3093,-1.4994,3.2043,0.3097,-155.8921,23.7648,-177.6277
9.44,2.2943,-1.4995,3.1814,0.3088,-155.5753,24.4798,-177.5715
9.45,2.2793,-1.5006,3.1586,0.3078,-155.2608,25.2619,-177.5175
9.46,2.2643,-1.5007,3.136,0.3068,-154.9485,26.0421,-177.4654
9.47,2.2493,-1.4986,3.1135,0.3058,-154.6375,26.8987,-177.4153
9.48,2.2343,-1.5008,3.0912,0.3047,-154.3288,27.7804,-177.3671
9.49,2.2193,-1.4998,3.069,0.3037,-154.0219,28.7192,-177.3207
9.5,2.2043,-1.4999,3.047,0.3026,-153.7169,29.7213,-177.2761
9.51,2.1893,-1.501,3.0252,0.3016,-153.414,30.7038,-177.2333
9.52,2.1743,-1.4989,3.0034,0.3005,-153.1125,31.8434,-177.1923
9.53,2.1593,-1.5011,2.9819,0.2994,-152.8133,33.0123,-177.153
9.54,2.1443,-1.4989,2.9605,0.2984,-152.5154,34.2001,-177.1153
9.55,2.1293,-1.5001,2.9392,0.2973,-152.2193,35.5322,-177.0792
9.56,2.1143,-1.5002,2.9181,0.2962,-151.925,36.9616,-177.0448
9.57,2.0993,-1.5002,2.8971,0.2951,-151.6325,38.498,-177.0119
9.58,2.0843,-1.5003,2.8763,0.294,-151.3418,40.1521,-176.9805
9.59,2.0693,-1.5003,2.8557,0.2929,-151.0529,41.9352,-176.9507
9.6,2.0543,-1.4992,2.8351,0.2918,-150.7653,43.8593,-176.9224
9.61,2.0393,-1.5004,2.8148,0.2907,-150.4796,46.0944,-176.8955
9.62,2.0243,-1.5004,2.7946,0.2896,-150.1956,48.3635,-176.87
9.63,2.0093,-1.4993,2.7745,0.2885,-149.913,50.8147,-176.846
9.64,1.9943,-1.5005,2.7546,0.2874,-149.6322,53.7108,-176.8234
9.65,1.9793,-1.4993,2.7348,0.2863,-149.3528,56.898,-176.8021
9.66,1.9643,-1.5006,2.7152,0.2852,-149.0751,60.7753,-176.7821
9.67,1.9493,-1.5006,2.6958,0.2841,-148.7993,64.7057,-176.7636
9.68,1.9343,-1.4982,2.6764,0.283,-148.5243,69.5751,-176.7463
9.69,1.9193,-1.5019,2.6573,0.2819,-148.2516,74.3885,-176.7303
9.7,1.9043,-1.4995,2.6383,0.2808,-147.9803,80.4471,-176.7156
9.71,1.8893,-1.4995,2.6194,0.2797,-147.7103,88.3965,-176.7021
9.72,1.8743,-1.5008,2.6007,0.2786,-147.4421,97.8044,-176.6899
9.73,1.8593,-1.4995,2.5821,0.2775,-147.1752,111.2705,-176.6789
9.74,1.8443,-1.5008,2.5637,0.2765,-146.9102,121.9561,-176.6692
9.75,1.8293,-1.4983,2.5454,0.2754,-146.646,141.505,-176.6606
9.76,1.8143,-1.5021,2.5274,0.2743,-146.3841,166.7491,-176.6532
9.77,1.7993,-1.4983,2.5094,0.2733,-146.1231,198.4778,-176.647
9.78,1.7843,-1.5009,2.4916,0.2722,-145.8639,233.8615,-176.642
9.79,1.7693,-1.4996,2.4739,0.2712,-145.6061,368.1166,-176.6381
9.8,1.7543,-1.5009,2.4564,0.2702,-145.35,518.3304,-176.6353
9.81,1.7393,-1.4983,2.439,0.2692,-145.0949,Infinity,-176.6337
9.82,1.7243,-1.501,2.4218,0.2681,-144.8415,Infinity,-176.6332
9.83,1.7093,-1.501,2.4048,0.2671,-144.59,511.6367,-176.6339
9.84,1.6943,-1.4983,2.3878,0.2661,-144.3393,322.2265,-176.6356
9.85,1.6793,-1.501,2.3711,0.2652,-144.0905,239.141,-176.6384
9.86,1.6643,-1.4997,2.3545,0.2642,-143.843,190.8983,-176.6423
9.87,1.6493,-1.4997,2.338,0.2632,-143.5968,155.1773,-176.6472
9.88,1.6343,-1.501,2.3217,0.2623,-143.3525,131.4542,-176.6532
9.89,1.6193,-1.4997,2.3055,0.2613,-143.1095,114.309,-176.6603
9.9,1.6043,-1.4997,2.2895,0.2604,-142.8678,100.1956,-176.6685
9.91,1.5893,-1.4997,2.2736,0.2595,-142.6275,88.6541,-176.6776
9.92,1.5743,-1.4997,2.2579,0.2586,-142.3886,80.2169,-176.6878
9.93,1.5593,-1.5011,2.2423,0.2577,-142.1514,72.8712,-176.6991
9.94,1.5443,-1.4997,2.2269,0.2568,-141.9156,66.8145,-176.7113
9.95,1.5293,-1.4996,2.2117,0.2559,-141.6812,61.2205,-176.7246
9.96,1.5143,-1.5011,2.1966,0.255,-141.4485,56.7495,-176.7389
9.97,1.4993,-1.4982,2.1816,0.2542,-141.2168,52.7427,-176.7542
9.98,1.4843,-1.5025,2.1668,0.2534,-140.9873,49.2858,-176.7705
9.99,1.4693,-1.4981,2.1521,0.2525,-140.7587,46.154,-176.7877
10,1.4543,-1.4996,2.1376,0.2517,-140.5314,43.317,-176.806
10.01,1.4393,-1.501,2.1232,0.2509,-140.306,40.8983,-176.8252
10.02,1.4243,-1.4995,2.109,0.2501,-140.0819,38.6031,-176.8454
10.03,1.4093,-1.501,2.0949,0.2494,-139.8596,36.5588,-176.8665
10.04,1.3943,-1.4995,2.081,0.2486,-139.6386,34.6737,-176.8886
10.05,1.3793,-1.4995,2.0672,0.2479,-139.419,32.9761,-176.9117
10.06,1.3643,-1.4994,2.0536,0.2471,-139.2008,31.3999,-176.9357
10.07,1.3493,-1.501,2.0401,0.2464,-138.9843,29.9357,-176.9607
10.08,1.3343,-1.501,2.0268,0.2457,-138.7697,28.6312,-176.9865
10.09,1.3193,-1.4978,2.0136,0.245,-138.5559,27.3563,-177.0133
10.1,1.3043,-1.5009,2.0006,0.2444,-138.344,26.1908,-177.0411
10.11,1.2893,-1.5009,1.9877,0.2437,-138.1338,25.1399,-177.0697
10.12,1.2743,-1.4992,1.975,0.2431,-137.925,24.113,-177.0992
10.13,1.2593,-1.4992,1.9624,0.2424,-137.7176,23.1497,-177.1296
10.14,1.2443,-1.5008,1.95,0.2418,-137.5119,22.2741,-177.161
10.15,1.2293,-1.5008,1.9377,0.2412,-137.3081,21.4339,-177.1931
10.16,1.2143,-1.4991,1.9256,0.2406,-137.1056,20.6412,-177.2262
10.17,1.1993,-1.5007,1.9136,0.2401,-136.9049,19.8929,-177.2601
10.18,1.1843,-1.4989,1.9018,0.2395,-136.7055,19.195,-177.2948
10.19,1.1693,-1.5006,1.8901,0.2389,-136.508,18.5249,-177.3305
10.2,1.1543,-1.5005,1.8785,0.2384,-136.3122,17.8904,-177.3669
10.21,1.1393,-1.4988,1.8672,0.2379,-136.1178,17.2887,-177.4041
10.22,1.1243,-1.5022,1.8559,0.2374,-135.9257,16.7181,-177.4422
10.23,1.1093,-1.4969,1.8448,0.2369,-135.7344,16.1756,-177.481
10.24,1.0943,-1.5021,1.8339,0.2364,-135.5454,15.666,-177.5207
10.25,1.0793,-1.5003,1.8231,0.236,-135.3582,15.17,-177.5611
10.26,1.0643,-1.4984,1.8125,0.2355,-135.1724,14.7028,-177.6022
10.27,1.0486,-1.5685,1.802,0.2351,-135.015,0.7245,-177.6416
10.28,1.0408,-0.779,1.7916,0.2346,-135.2558,0.72,-176.9494
10.29,1.0378,-0.2979,1.7813,0.2338,-135.4975,0.7163,-175.6756
10.3,1.0354,-0.2422,1.771,0.2328,-135.74,0.7133,-174.3953
10.31,1.0335,-0.1865,1.7607,0.2315,-135.9834,0.7111,-173.11
10.32,1.0322,-0.1305,1.7505,0.23,-136.2281,0.7097,-171.82
10.33,1.0315,-0.0746,1.7403,0.2284,-136.4736,0.7091,-170.5268
10.34,1.0313,-0.0184,1.7302,0.2264,-136.72,0.7092,-169.2331
10.35,1.0317,0.038,1.7201,0.2243,-136.9677,0.7101,-167.9393
10.36,1.0326,0.0946,1.7101,0.2219,-137.2162,0.7118,-166.647
10.37,1.0341,0.1513,1.7001,0.2193,-137.4661,0.7143,-165.3578
10.38,1.0362,0.2085,1.6901,0.2164,-137.7167,0.7176,-164.0732
10.39,1.0389,0.2656,1.6802,0.2134,-137.9687,0.7216,-162.7948
10.4,1.0421,0.3235,1.6703,0.21,-138.2216,0.7265,-161.524
10.41,1.0459,0.3812,1.6604,0.2065,-138.4757,0.7323,-160.2622
10.42,1.0503,0.4399,1.6506,0.2028,-138.7307,0.7388,-159.011
10.43,1.0553,0.4983,1.6409,0.1988,-138.987,0.7462,-157.7716
10.44,1.0609,0.557,1.6311,0.1945,-139.245,0.7546,-156.5433
10.45,1.0671,0.6177,1.6214,0.1901,-139.5038,0.7638,-155.3283
10.46,1.0738,0.6775,1.6118,0.1854,-139.764,0.7739,-154.1289
10.47,1.0812,0.7384,1.6021,0.1805,-140.0254,0.785,-152.9452
10.48,1.0892,0.8,1.5925,0.1753,-140.2881,0.797,-151.7781
10.49,1.0978,0.8616,1.583,0.1699,-140.5526,0.8101,-150.6277
10.5,1.1071,0.9255,1.5734,0.1643,-140.8183,0.8243,-149.4948
10.51,1.117,0.9888,1.5639,0.1585,-141.0858,0.8395,-148.3804
10.52,1.1275,1.0546,1.5544,0.1524,-141.3545,0.8558,-147.2852
10.53,1.1387,1.1199,1.545,0.1461,-141.625,0.8733,-146.2099
10.54,1.1506,1.1864,1.5355,0.1395,-141.8976,0.8921,-145.1534
10.55,1.1631,1.257,1.5261,0.1327,-142.1715,0.912,-144.1172
10.56,1.1764,1.3242,1.5167,0.1256,-142.448,0.9334,-143.101
10.57,1.1904,1.3993,1.5073,0.1183,-142.7258,0.9562,-142.1052
10.58,1.2051,1.4667,1.4979,0.1107,-143.0062,0.9804,-141.1304
10.59,1.2201,1.4991,1.4886,0.1029,-143.2887,1.0062,-140.1755
10.6,1.2351,1.5008,1.4792,0.0948,-143.5729,1.0336,-139.2422
10.61,1.2501,1.4995,1.4699,0.0865,-143.8593,1.0627,-138.3308
10.62,1.2651,1.5005,1.4605,0.078,-144.1474,1.0935,-137.4416
10.63,1.2801,1.5004,1.4513,0.0692,-144.4372,1.1262,-136.5752
10.64,1.2951,1.4991,1.442,0.0601,-144.7292,1.1609,-135.7311
10.65,1.3101,1.5001,1.4327,0.0509,-145.0229,1.1975,-134.9093
10.66,1.3251,1.5,1.4235,0.0413,-145.3183,1.2364,-134.1104
10.67,1.3401,1.5,1.4143,0.0316,-145.6154,1.2775,-133.3343
10.68,1.3551,1.4999,1.4051,0.0216,-145.9143,1.321,-132.5809
10.69,1.3701,1.5009,1.396,0.0114,-146.2144,1.367,-131.8505
10.7,1.3851,1.4987,1.3869,0.001,-146.5167,1.4158,-131.1424
10.71,1.4001,1.5009,1.3778,-0.0097,-146.8203,1.4675,-130.4564
10.72,1.4151,1.4998,1.3687,-0.0205,-147.1256,1.5222,-129.7928
10.73,1.4301,1.4998,1.3597,-0.0316,-147.4326,1.5803,-129.1509
10.74,1.4451,1.4998,1.3507,-0.0429,-147.7413,1.6419,-128.5303
10.75,1.4601,1.5008,1.3417,-0.0544,-148.0514,1.7073,-127.9314
10.76,1.4751,1.4998,1.3328,-0.0662,-148.3631,1.7769,-127.3538
10.77,1.4901,1.4989,1.3239,-0.0781,-148.677,1.8512,-126.7964
10.78,1.5051,1.501,1.315,-0.0902,-148.9922,1.9304,-126.2596
10.79,1.5201,1.5,1.3061,-0.1026,-149.3091,2.015,-125.7432
10.8,1.5351,1.4991,1.2972,-0.1151,-149.6282,2.1058,-125.2465
10.81,1.5501,1.5012,1.2884,-0.1278,-149.9485,2.2032,-124.7696
10.82,1.5651,1.4992,1.2796,-0.1408,-150.271,2.3082,-124.3122
10.83,1.5801,1.5003,1.2708,-0.1539,-150.5952,2.4216,-123.8739
10.84,1.5951,1.4994,1.262,-0.1672,-150.9216,2.5446,-123.4545
10.85,1.6101,1.5005,1.2532,-0.1807,-151.2497,2.6786,-123.0539
10.86,1.6251,1.4997,1.2444,-0.1944,-151.5799,2.8251,-122.6719
10.87,1.6401,1.4998,1.2356,-0.2082,-151.9123,2.9862,-122.3082
10.88,1.6551,1.5009,1.2269,-0.2223,-152.2464,3.1642,-121.9631
10.89,1.67,1.4991,1.2181,-0.2365,-152.5831,3.3624,-121.6361
10.9,1.6851,1.4993,1.2094,-0.2509,-152.9224,3.5852,-121.3269
10.91,1.7001,1.5004,1.2006,-0.2655,-153.2638,3.837,-121.0358
10.92,1.7151,1.5006,1.1918,-0.2802,-153.6074,4.1246,-120.7629
10.93,1.7301,1.4989,1.183,-0.2951,-153.954,4.458,-120.5081
10.94,1.7451,1.501,1.1743,-0.3102,-154.3027,4.8479,-120.2714
10.95,1.76,1.4994,1.1654,-0.3254,-154.6544,5.3134,-120.053
10.96,1.775,1.4996,1.1566,-0.3408,-155.0092,5.8798,-119.8529
10.97,1.7893,1.4222,1.1477,-0.3563,-155.3665,6.5849,-119.6714
10.98,1.7832,-0.6069,1.139,-0.3719,-155.7226,7.4786,-119.5099
10.99,1.7682,-1.4996,1.1303,-0.3873,-156.076,8.6466,-119.369
11,1.7532,-1.4998,1.1217,-0.4026,-156.4269,10.2427,-119.2488
11.01,1.7382,-1.5001,1.1133,-0.4178,-156.7752,12.5659,-119.1486
11.02,1.7232,-1.5003,1.1049,-0.4328,-157.1209,16.2724,-119.068
11.03,1.7082,-1.5005,1.0966,-0.4477,-157.4641,23.1343,-119.0066
11.04,1.6932,-1.4998,1.0884,-0.4626,-157.8051,40.3961,-118.964
11.05,1.6782,-1.5,1.0803,-0.4772,-158.1439,159.487,-118.9399
11.06,1.6632,-1.5002,1.0722,-0.4918,-158.4806,76.8364,-118.934
11.07,1.6482,-1.4994,1.0643,-0.5062,-158.8156,31.4547,-118.9463
11.08,1.6332,-1.5005,1.0563,-0.5205,-159.1484,19.6781,-118.9764
11.09,1.6182,-1.5007,1.0485,-0.5347,-159.479,14.2921,-119.0243
11.1,1.6032,-1.499,1.0407,-0.5487,-159.8084,11.2012,-119.09
11.11,1.5882,-1.5011,1.033,-0.5625,-160.1356,9.1963,-119.1735
11.12,1.5732,-1.4993,1.0253,-0.5763,-160.4616,7.7809,-119.2747
11.13,1.5582,-1.5004,1.0176,-0.5898,-160.7858,6.729,-119.3939
11.14,1.5432,-1.4996,1.01,-0.6033,-161.1087,5.9148,-119.5311
11.15,1.5282,-1.5008,1.0024,-0.6165,-161.4299,5.2656,-119.6864
11.16,1.5132,-1.4989,0.9949,-0.6297,-161.7503,4.7335,-119.8603
11.17,1.4982,-1.5011,0.9874,-0.6426,-162.0689,4.2904,-120.0528
11.18,1.4832,-1.4992,0.9799,-0.6555,-162.3867,3.9139,-120.2644
11.19,1.4682,-1.5004,0.9725,-0.6681,-162.7032,3.5905,-120.4954
11.2,1.4532,-1.5005,0.965,-0.6806,-163.0184,3.3093,-120.7461
11.21,1.4382,-1.4996,0.9576,-0.6929,-163.3327,3.0621,-121.017
11.22,1.4232,-1.4998,0.9502,-0.7051,-163.6462,2.843,-121.3089
11.23,1.4082,-1.501,0.9429,-0.7171,-163.9583,2.6476,-121.6219
11.24,1.3932,-1.499,0.9355,-0.7289,-164.2701,2.4718,-121.957
11.25,1.3782,-1.5002,0.9281,-0.7405,-164.581,2.3129,-122.3149
11.26,1.3632,-1.5003,0.9208,-0.752,-164.891,2.1687,-122.6961
11.27,1.3482,-1.5004,0.9134,-0.7633,-165.2002,2.0372,-123.1013
11.28,1.3332,-1.4995,0.906,-0.7744,-165.5089,1.9166,-123.5316
11.29,1.3182,-1.4996,0.8987,-0.7853,-165.8172,1.8058,-123.9883
11.3,1.3032,-1.5008,0.8913,-0.7961,-166.1247,1.7038,-124.4718
11.31,1.2882,-1.4988,0.8839,-0.8066,-166.4321,1.6093,-124.9835
11.32,1.2732,-1.501,0.8765,-0.817,-166.7387,1.522,-125.5246
11.33,1.2582,-1.5,0.8691,-0.8272,-167.0449,1.4409,-126.0958
11.34,1.2432,-1.5001,0.8617,-0.8371,-167.3506,1.3656,-126.6986
11.35,1.2282,-1.4992,0.8542,-0.8469,-167.6563,1.2954,-127.3348
11.36,1.2132,-1.5003,0.8467,-0.8565,-167.9616,1.23,-128.0059
11.37,1.1982,-1.5003,0.8392,-0.8658,-168.2665,1.169,-128.7127
11.38,1.1832,-1.5004,0.8317,-0.8749,-168.571,1.1122,-129.4568
11.39,1.1682,-1.4994,0.8242,-0.8839,-168.8754,1.059,-130.2403
11.4,1.1532,-1.4994,0.8166,-0.8926,-169.1798,1.0093,-131.0654
11.41,1.1382,-1.5015,0.809,-0.901,-169.4834,0.963,-131.9327
11.42,1.1232,-1.4983,0.8014,-0.9093,-169.7874,0.9196,-132.8447
11.43,1.1082,-1.5014,0.7937,-0.9173,-170.0906,0.8793,-133.803
11.44,1.0932,-1.4992,0.786,-0.925,-170.3937,0.8415,-134.809
11.45,1.0782,-1.5002,0.7782,-0.9325,-170.6964,0.8064,-135.865
11.46,1.0632,-1.499,0.7705,-0.9398,-170.9992,0.7737,-136.9731
11.47,1.0482,-1.501,0.7627,-0.9468,-171.301,0.7432,-138.1341
11.48,1.0332,-1.4997,0.7548,-0.9535,-171.6025,0.715,-139.349
11.49,1.0182,-1.5005,0.747,-0.96,-171.903,0.6888,-140.6193
11.5,1.0032,-1.4991,0.7391,-0.9661,-172.2032,0.6646,-141.9462
11.51,0.9882,-1.4998,0.7311,-0.9721,-172.5024,0.6423,-143.3309
11.52,0.9732,-1.5005,0.7232,-0.9777,-172.8004,0.6218,-144.7724
11.53,0.9583,-1.4921,0.7152,-0.983,-173.0971,0.603,-146.27
11.54,0.9441,-1.4169,0.7072,-0.988,-173.393,0.5858,-147.8248
11.55,0.931,-1.3123,0.6992,-0.9927,-173.6875,0.5701,-149.4365
11.56,0.9189,-1.2075,0.6912,-0.9972,-173.9812,0.556,-151.1046
11.57,0.9078,-1.1054,0.6831,-1.0013,-174.274,0.5432,-152.8293
11.58,0.8978,-1.0048,0.675,-1.0052,-174.566,0.5318,-154.609
11.59,0.8887,-0.9061,0.6668,-1.0087,-174.8567,0.5216,-156.4404
11.6,0.8807,-0.8067,0.6586,-1.012,-175.1469,0.5127,-158.3223
11.61,0.8736,-0.7096,0.6504,-1.0149,-175.4368,0.505,-160.2542
11.62,0.8674,-0.6142,0.6422,-1.0176,-175.7253,0.4985,-162.2297
11.63,0.8622,-0.5182,0.6339,-1.0199,-176.013,0.493,-164.2429
11.64,0.858,-0.4233,0.6255,-1.022,-176.2998,0.4887,-166.2903
11.65,0.8547,-0.3289,0.6172,-1.0237,-176.5857,0.4855,-168.3663
11.66,0.8524,-0.2351,0.6087,-1.0251,-176.8708,0.4834,-170.4653
11.67,0.851,-0.1418,0.6003,-1.0262,-177.1546,0.4823,-172.5791
11.68,0.8505,-0.0487,0.5918,-1.027,-177.4371,0.4823,-174.6997
11.69,0.8509,0.0439,0.5833,-1.0275,-177.7183,0.4833,-176.8204
11.7,0.8523,0.1363,0.5748,-1.0276,-177.9978,0.4854,-178.9328
11.71,0.8602,0.7938,0.5662,-1.0276,-178.0298,7.2722,-179.9657
11.72,0.8757,1.5449,0.5575,-1.0276,-178.0607,7.2053,-179.8949
11.73,0.8907,1.5003,0.5486,-1.0277,-178.0925,7.1153,-179.8221
11.74,0.9057,1.5,0.5395,-1.0277,-178.125,7.0396,-179.7471
11.75,0.9207,1.4998,0.5303,-1.0278,-178.1584,6.9633,-179.67
11.76,0.9357,1.5002,0.5209,-1.0278,-178.1927,6.8939,-179.5907
11.77,0.9507,1.4999,0.5114,-1.0279,-178.2279,6.8241,-179.5094
11.78,0.9657,1.5003,0.5018,-1.028,-178.264,6.7614,-179.4258
11.79,0.9807,1.4995,0.492,-1.0281,-178.301,6.6985,-179.3402
11.8,0.9957,1.4999,0.482,-1.0282,-178.3391,6.6503,-179.2524
11.81,1.0107,1.5003,0.4719,-1.0284,-178.378,6.6025,-179.1626
11.82,1.0257,1.5001,0.4617,-1.0286,-178.418,6.5704,-179.0708
11.83,1.0407,1.4994,0.4513,-1.0287,-178.459,6.5314,-178.977
11.84,1.0557,1.5003,0.4407,-1.0289,-178.501,6.5053,-178.8813
11.85,1.0707,1.5006,0.43,-1.0292,-178.5441,6.4929,-178.784
11.86,1.0857,1.4994,0.4191,-1.0294,-178.5882,6.4913,-178.6851
11.87,1.1007,1.5002,0.4081,-1.0297,-178.6335,6.4975,-178.5847
11.88,1.1157,1.5,0.397,-1.03,-178.6798,6.5258,-178.483
11.89,1.1307,1.5002,0.3857,-1.0303,-178.7273,6.5606,-178.3804
11.9,1.1457,1.4995,0.3742,-1.0307,-178.7759,6.6176,-178.2771
11.91,1.1607,1.5006,0.3626,-1.031,-178.8257,6.6956,-178.1733
11.92,1.1756,1.4891,0.3509,-1.0314,-178.8766,6.8043,-178.0695
11.93,1.1731,-0.2427,0.3392,-1.0318,-178.9279,6.9267,-177.9667
11.94,1.1581,-1.5,0.3276,-1.0323,-178.979,7.0863,-177.8668
11.95,1.1431,-1.4995,0.3162,-1.0327,-179.0299,7.2842,-177.7704
11.96,1.1281,-1.5003,0.3049,-1.0332,-179.0806,7.5209,-177.6778
11.97,1.1131,-1.4998,0.2938,-1.0336,-179.131,7.7956,-177.5894
11.98,1.0981,-1.4998,0.2828,-1.0341,-179.1811,8.1164,-177.5053
11.99,1.0831,-1.5001,0.272,-1.0346,-179.2308,8.4803,-177.4258
12,1.0681,-1.5001,0.2613,-1.0351,-179.2802,8.9433,-177.351
12.01,1.0531,-1.5,0.2508,-1.0356,-179.3291,9.4859,-177.2812
12.02,1.0381,-1.5,0.2404,-1.0361,-179.3776,10.1535,-177.2164
12.03,1.0231,-1.4995,0.2302,-1.0366,-179.4256,10.9005,-177.1567
12.04,1.0081,-1.5004,0.2201,-1.0371,-179.4731,11.8857,-177.1021
12.05,0.9931,-1.4999,0.2102,-1.0376,-179.5201,13.0262,-177.0528
12.06,0.9781,-1.4999,0.2004,-1.0381,-179.5665,14.5542,-177.0087
12.07,0.9631,-1.5,0.1908,-1.0386,-179.6122,16.3907,-176.9697
12.08,0.9481,-1.5,0.1814,-1.0392,-179.6574,18.8838,-176.9358
12.09,0.9331,-1.4996,0.172,-1.0397,-179.7019,22.2159,-176.907
12.1,0.9181,-1.5003,0.1629,-1.0402,-179.7457,27.3003,-176.883
12.11,0.9031,-1.4999,0.1539,-1.0407,-179.7889,35.1548,-176.8637
12.12,0.8881,-1.5001,0.145,-1.0411,-179.8313,51.3528,-176.849
12.13,0.8731,-1.4998,0.1363,-1.0416,-179.873,78.3693,-176.8387
12.14,0.8581,-1.5001,0.1277,-1.0421,-179.9139,135.7353,-176.8325
12.15,0.8431,-1.4998,0.1193,-1.0426,-179.9541,Infinity,-176.8304
12.16,0.8281,-1.5002,0.111,-1.043,-179.9936,78.8054,-176.8319
12.17,0.8131,-1.5,0.1029,-1.0435,179.9678,55.9553,-176.837
12.18,0.7981,-1.4998,0.0949,-1.0439,179.9299,38.2188,-176.8454
12.19,0.7831,-1.5002,0.0871,-1.0443,179.8929,31.7722,-176.8568
12.2,0.7681,-1.4995,0.0794,-1.0448,179.8566,25.8682,-176.871
12.21,0.7531,-1.5007,0.0719,-1.0452,179.8212,22.4377,-176.8878
12.22,0.7381,-1.4993,0.0645,-1.0456,179.7865,19.9373,-176.9069
12.23,0.7231,-1.5006,0.0573,-1.0459,179.7527,18.0171,-176.9281
12.24,0.7081,-1.4993,0.0503,-1.0463,179.7197,16.4878,-176.9512
12.25,0.6931,-1.5006,0.0433,-1.0467,179.6875,15.2363,-176.976
12.26,0.6781,-1.5,0.0366,-1.047,179.6561,14.1907,-177.0023
12.27,0.6631,-1.5,0.0299,-1.0474,179.6256,13.357,-177.0299
12.28,0.6481,-1.4993,0.0235,-1.0477,179.5958,12.6278,-177.0585
12.29,0.6331,-1.5002,0.0171,-1.048,179.5668,12.0624,-177.0881
12.3,0.6181,-1.5003,0.011,-1.0484,179.5386,11.5806,-177.1185
12.31,0.6031,-1.5005,0.0049,-1.0487,179.5113,11.104,-177.1494
12.32,0.5881,-1.4998,-0.0009,-1.0489,179.4847,10.7464,-177.1808
12.33,0.5731,-1.499,-0.0067,-1.0492,179.4589,10.4064,-177.2124
12.34,0.5581,-1.501,-0.0122,-1.0495,179.4338,10.1268,-177.2443
12.35,0.5431,-1.5003,-0.0177,-1.0497,179.4096,9.8954,-177.2762
12.36,0.5281,-1.4986,-0.0229,-1.05,179.3861,9.6666,-177.3081
12.37,0.5131,-1.5017,-0.0281,-1.0502,179.3634,9.4584,-177.3398
12.38,0.4981,-1.4989,-0.033,-1.0505,179.3414,9.2837,-177.3713
12.39,0.4831,-1.5001,-0.0379,-1.0507,179.3201,9.1223,-177.4025
12.4,0.4681,-1.5004,-0.0425,-1.0509,179.2996,8.9863,-177.4332
12.41,0.4531,-1.4996,-0.0471,-1.0511,179.2799,8.8459,-177.4634
12.42,0.4381,-1.501,-0.0514,-1.0513,179.2609,8.7394,-177.4931
12.43,0.4231,-1.4989,-0.0557,-1.0515,179.2425,8.6385,-177.5222
12.44,0.4081,-1.5003,-0.0597,-1.0516,179.2249,8.554,-177.5506
12.45,0.3931,-1.5006,-0.0637,-1.0518,179.208,8.4619,-177.5782
12.46,0.3781,-1.4996,-0.0674,-1.052,179.1918,8.395,-177.6051
12.47,0.3631,-1.4998,-0.0711,-1.0521,179.1763,8.32,-177.6312
12.48,0.3481,-1.5001,-0.0746,-1.0523,179.1615,8.2771,-177.6564
12.49,0.3331,-1.4988,-0.0779,-1.0524,179.1473,8.2154,-177.6808
12.5,0.3181,-1.5024,-0.0811,-1.0525,179.1339,8.155,-177.7042
12.51,0.3031,-1.4977,-0.0841,-1.0526,179.1211,8.1142,-177.7267
12.52,0.2881,-1.5014,-0.087,-1.0528,179.109,8.0734,-177.7483
12.53,0.2731,-1.5,-0.0897,-1.0529,179.0975,8.0502,-177.7688
12.54,0.2581,-1.5003,-0.0923,-1.053,179.0867,8.0176,-177.7883
12.55,0.2431,-1.5007,-0.0947,-1.0531,179.0766,7.9846,-177.8068
12.56,0.2281,-1.4987,-0.097,-1.0531,179.0671,7.9594,-177.8242
12.57,0.2131,-1.4988,-0.0991,-1.0532,179.0582,7.9416,-177.8406
12.58,0.1981,-1.5017,-0.1011,-1.0533,179.05,7.9227,-177.856
12.59,0.1831,-1.4994,-0.1029,-1.0534,179.0424,7.9026,-177.8702
12.6,0.1681,-1.4996,-0.1046,-1.0534,179.0354,7.8815,-177.8834
12.61,0.1531,-1.5036,-0.1061,-1.0535,179.0291,7.8747,-177.8954
12.62,0.1381,-1.4968,-0.1075,-1.0535,179.0234,7.8588,-177.9064
12.63,0.1231,-1.5007,-0.1088,-1.0536,179.0183,7.8493,-177.9162
12.6401,0.1081,-1.4959,-0.1098,-1.0536,179.0139,7.8459,-177.9249
12.65,0.0931,-1.507,-0.1108,-1.0536,179.0101,7.8333,-177.9326
12.66,0.0781,-1.4963,-0.1115,-1.0537,179.0068,7.8267,-177.939
12.67,0.0631,-1.5036,-0.1122,-1.0537,179.0043,7.8186,-177.9443
12.68,0.0481,-1.4946,-0.1127,-1.0537,179.0023,7.8239,-177.9486
12.6903,0.0329,-1.4858,-0.113,-1.0537,179.0009,7.8126,-177.9517
12.7001,0.0179,-1.5299,-0.1132,-1.0537,179.0002,7.8146,-177.9536